Vds_V,Coss_pF
0.116686,660.1004
0.233372,655.1786
0.350058,655.1786
0.466744,655.1786
0.583431,655.1786
0.700117,655.1786
0.816803,655.1786
0.933489,650.2935
1.050175,650.2935
1.166861,643.0341
1.283547,643.0341
1.400233,643.0341
1.516919,643.0341
1.633606,643.0341
1.750292,643.0341
1.866978,635.8558
1.983664,635.8558
2.100350,635.8558
2.217036,635.8558
2.333722,635.8558
2.450408,635.8558
2.567095,635.8558
2.683781,635.8558
2.800467,635.8558
2.917153,635.8558
3.033839,631.1148
3.150525,631.1148
3.267211,631.1148
3.383897,631.1148
3.500583,631.1148
3.617270,631.1148
3.733956,626.4091
3.850642,626.4091
3.967328,626.4091
4.084014,626.4091
4.200700,626.4091
4.317386,626.4091
4.434072,626.4091
4.550758,626.4091
4.667445,619.4164
4.784131,619.4164
4.900817,619.4164
5.017503,619.4164
5.134189,619.4164
5.250875,619.4164
5.367561,619.4164
5.484247,619.4164
5.600933,619.4164
5.717620,619.4164
5.834306,619.4164
5.950992,619.4164
6.067678,619.4164
6.184364,614.7979
6.301050,614.7979
6.417736,614.7979
6.534422,614.7979
6.651109,614.7979
6.767795,614.7979
6.884481,610.2139
7.001167,610.2139
7.117853,603.4020
7.234539,603.4020
7.351225,603.4020
7.467911,603.4020
7.584597,603.4020
7.701284,603.4020
7.817970,603.4020
7.934656,603.4020
8.051342,603.4020
8.168028,603.4020
8.284714,603.4020
8.401400,603.4020
8.518086,603.4020
8.634772,603.4020
8.751459,603.4020
8.868145,603.4020
8.984831,603.4020
9.101517,603.4020
9.218203,603.4020
9.334889,598.9029
9.451575,598.9029
9.568261,598.9029
9.684947,598.9029
9.801634,598.9029
9.918320,598.9029
10.035006,598.9029
10.151692,598.9029
10.268378,592.2172
10.385064,592.2172
10.501750,592.2172
10.618436,592.2172
10.735123,592.2172
10.851809,585.6062
10.968495,585.6062
11.085181,585.6062
11.201867,581.2398
11.318553,581.2398
11.435239,581.2398
11.551925,574.7513
11.668611,574.7513
11.785298,551.5736
11.901984,551.5736
12.018670,551.5736
12.135356,547.4610
12.252042,547.4610
12.368728,547.4610
12.485414,535.3063
12.602100,535.3063
12.718786,531.3150
12.835473,531.3150
12.952159,531.3150
13.068845,521.4665
13.185531,521.4665
13.302217,521.4665
13.418903,511.8006
13.535589,511.8006
13.652275,511.8006
13.768961,511.8006
13.885648,511.8006
14.002334,504.1970
14.119020,504.1970
14.235706,504.1970
14.352392,498.5685
14.469078,498.5685
14.585764,482.0572
14.702450,482.0572
14.819137,482.0572
14.935823,467.8402
15.052509,467.8402
15.169195,467.8402
15.285881,459.1682
15.402567,459.1682
15.519253,439.0057
15.635939,439.0057
15.752625,439.0057
15.869312,424.4671
15.985998,424.4671
16.102684,424.4671
16.219370,404.3126
16.336056,404.3126
16.452742,390.9228
16.569428,390.9228
16.686114,390.9228
16.802800,369.5847
16.919487,369.5847
17.036173,369.5847
17.152859,352.0361
17.269545,352.0361
17.386231,337.8397
17.502917,337.8397
17.619603,337.8397
17.736289,331.5775
17.852975,331.5775
17.969662,331.5775
18.086348,319.3991
18.203034,319.3991
18.319720,315.8336
18.436406,315.8336
18.553092,315.8336
18.669778,313.4787
18.786464,313.4787
18.903151,313.4787
19.019837,311.1414
19.136523,311.1414
19.253209,307.6680
19.369895,307.6680
19.486581,307.6680
19.603267,307.6680
19.719953,307.6680
19.836639,307.6680
19.953326,305.3740
20.070012,305.3740
20.186698,303.0971
20.303384,303.0971
20.420070,303.0971
20.536756,303.0971
20.653442,303.0971
20.770128,303.0971
20.886814,299.7136
21.003501,299.7136
21.120187,299.7136
21.236873,299.7136
21.353559,299.7136
21.470245,299.7136
21.586931,299.7136
21.703617,299.7136
21.820303,299.7136
21.936989,299.7136
22.053676,296.3678
22.170362,296.3678
22.287048,296.3678
22.403734,296.3678
22.520420,296.3678
22.637106,296.3678
22.753792,294.1580
22.870478,294.1580
22.987165,294.1580
23.103851,294.1580
23.220537,294.1580
23.337223,291.9648
23.453909,291.9648
23.570595,291.9648
23.687281,291.9648
23.803967,291.9648
23.920653,288.7055
24.037340,288.7055
24.154026,288.7055
24.270712,288.7055
24.387398,288.7055
24.504084,288.7055
24.620770,288.7055
24.737456,288.7055
24.854142,288.7055
24.970828,288.7055
25.087515,288.7055
25.204201,286.5529
25.320887,286.5529
25.437573,286.5529
25.554259,286.5529
25.670945,286.5529
25.787631,284.4163
25.904317,284.4163
26.021004,284.4163
26.137690,284.4163
26.254376,284.4163
26.371062,284.4163
26.487748,284.4163
26.604434,284.4163
26.721120,284.4163
26.837806,284.4163
26.954492,284.4163
27.071179,284.4163
27.187865,284.4163
27.304551,284.4163
27.421237,281.2413
27.537923,281.2413
27.654609,278.1017
27.771295,278.1017
27.887981,278.1017
28.004667,278.1017
28.121354,278.1017
28.238040,278.1017
28.354726,278.1017
28.471412,278.1017
28.588098,278.1017
28.704784,278.1017
28.821470,278.1017
28.938156,278.1017
29.054842,278.1017
29.171529,278.1017
29.288215,278.1017
29.404901,278.1017
29.521587,278.1017
29.638273,278.1017
29.754959,278.1017
29.871645,278.1017
29.988331,278.1017
30.105018,278.1017
30.221704,276.0282
30.338390,276.0282
30.455076,276.0282
30.571762,276.0282
30.688448,276.0282
30.805134,273.9701
30.921820,273.9701
31.038506,273.9701
31.155193,273.9701
31.271879,273.9701
31.388565,273.9701
31.505251,273.9701
31.621937,273.9701
31.738623,273.9701
31.855309,273.9701
31.971995,273.9701
32.088681,273.9701
32.205368,273.9701
32.322054,270.9117
32.438740,270.9117
32.555426,270.9117
32.672112,268.8917
32.788798,268.8917
32.905484,268.8917
33.022170,268.8917
33.138856,268.8917
33.255543,268.8917
33.372229,268.8917
33.488915,268.8917
33.605601,268.8917
33.722287,268.8917
33.838973,268.8917
33.955659,268.8917
34.072345,268.8917
34.189032,268.8917
34.305718,268.8917
34.422404,268.8917
34.539090,268.8917
34.655776,268.8917
34.772462,268.8917
34.889148,268.8917
35.005834,268.8917
35.122520,266.8869
35.239207,266.8869
35.355893,266.8869
35.472579,266.8869
35.589265,266.8869
35.705951,266.8869
35.822637,263.9075
35.939323,263.9075
36.056009,263.9075
36.172695,263.9075
36.289382,263.9075
36.406068,263.9075
36.522754,263.9075
36.639440,263.9075
36.756126,263.9075
36.872812,263.9075
36.989498,263.9075
37.106184,263.9075
37.222870,263.9075
37.339557,263.9075
37.456243,263.9075
37.572929,263.9075
37.689615,263.9075
37.806301,263.9075
37.922987,263.9075
38.039673,263.9075
38.156359,263.9075
38.273046,260.9615
38.389732,260.9615
38.506418,260.9615
38.623104,260.9615
38.739790,260.9615
38.856476,259.0157
38.973162,259.0157
39.089848,259.0157
39.206534,259.0157
39.323221,259.0157
39.439907,259.0157
39.556593,259.0157
39.673279,259.0157
39.789965,259.0157
39.906651,259.0157
40.023337,259.0157
40.140023,259.0157
40.256709,259.0157
40.373396,259.0157
40.490082,259.0157
40.606768,259.0157
40.723454,259.0157
40.840140,259.0157
40.956826,259.0157
41.073512,259.0157
41.190198,259.0157
41.306884,259.0157
41.423571,259.0157
41.540257,259.0157
41.656943,259.0157
41.773629,259.0157
41.890315,259.0157
42.007001,259.0157
42.123687,259.0157
42.240373,259.0157
42.357060,257.0845
42.473746,257.0845
42.590432,257.0845
42.707118,257.0845
42.823804,257.0845
42.940490,254.2146
43.057176,254.2146
43.173862,254.2146
43.290548,254.2146
43.407235,254.2146
43.523921,254.2146
43.640607,254.2146
43.757293,254.2146
43.873979,254.2146
43.990665,254.2146
44.107351,254.2146
44.224037,254.2146
44.340723,254.2146
44.457410,254.2146
44.574096,254.2146
44.690782,254.2146
44.807468,254.2146
44.924154,254.2146
45.040840,254.2146
45.157526,252.3191
45.274212,252.3191
45.390898,252.3191
45.507585,252.3191
45.624271,252.3191
45.740957,250.4378
45.857643,250.4378
45.974329,250.4378
46.091015,250.4378
46.207701,250.4378
46.324387,250.4378
46.441074,250.4378
46.557760,250.4378
46.674446,250.4378
46.791132,250.4378
46.907818,250.4378
47.024504,250.4378
47.141190,250.4378
47.257876,250.4378
47.374562,250.4378
47.491249,250.4378
47.607935,250.4378
47.724621,250.4378
47.841307,250.4378
47.957993,250.4378
48.074679,250.4378
48.191365,247.6421
48.308051,247.6421
48.424737,247.6421
48.541424,247.6421
48.658110,247.6421
48.774796,247.6421
48.891482,244.8776
49.008168,244.8776
49.124854,244.8776
49.241540,244.8776
49.358226,244.8776
49.474912,244.8776
49.591599,244.8776
49.708285,244.8776
49.824971,244.8776
49.941657,244.8776
50.058343,244.8776
50.175029,244.8776
50.291715,244.8776
50.408401,244.8776
50.525088,244.8776
50.641774,244.8776
50.758460,244.8776
50.875146,244.8776
50.991832,244.8776
51.108518,244.8776
51.225204,244.8776
51.341890,244.8776
51.458576,244.8776
51.575263,244.8776
51.691949,244.8776
51.808635,244.8776
51.925321,244.8776
52.042007,244.8776
52.158693,244.8776
52.275379,243.0518
52.392065,243.0518
52.508751,243.0518
52.625438,243.0518
52.742124,243.0518
52.858810,241.2396
52.975496,241.2396
53.092182,241.2396
53.208868,241.2396
53.325554,241.2396
53.442240,241.2396
53.558926,241.2396
53.675613,241.2396
53.792299,241.2396
53.908985,241.2396
54.025671,241.2396
54.142357,241.2396
54.259043,241.2396
54.375729,241.2396
54.492415,241.2396
54.609102,241.2396
54.725788,241.2396
54.842474,241.2396
54.959160,241.2396
55.075846,241.2396
55.192532,241.2396
55.309218,241.2396
55.425904,238.5465
55.542590,238.5465
55.659277,236.7679
55.775963,236.7679
55.892649,236.7679
56.009335,236.7679
56.126021,236.7679
56.242707,236.7679
56.359393,236.7679
56.476079,236.7679
56.592765,236.7679
56.709452,236.7679
56.826138,236.7679
56.942824,236.7679
57.059510,236.7679
57.176196,236.7679
57.292882,236.7679
57.409568,236.7679
57.526254,236.7679
57.642940,236.7679
57.759627,236.7679
57.876313,236.7679
57.992999,236.7679
58.109685,236.7679
58.226371,236.7679
58.343057,236.7679
58.459743,236.7679
58.576429,236.7679
58.693116,236.7679
58.809802,236.7679
58.926488,236.7679
59.043174,236.7679
59.159860,236.7679
59.276546,236.7679
59.393232,235.0026
59.509918,235.0026
59.626604,235.0026
59.743291,232.3792
59.859977,232.3792
59.976663,232.3792
60.093349,232.3792
60.210035,232.3792
60.326721,232.3792
60.443407,232.3792
60.560093,232.3792
60.676779,232.3792
60.793466,232.3792
60.910152,232.3792
61.026838,232.3792
61.143524,232.3792
61.260210,232.3792
61.376896,232.3792
61.493582,232.3792
61.610268,232.3792
61.726954,232.3792
61.843641,232.3792
61.960327,232.3792
62.077013,232.3792
62.193699,232.3792
62.310385,232.3792
62.427071,232.3792
62.543757,232.3792
62.660443,232.3792
62.777130,232.3792
62.893816,232.3792
63.010502,232.3792
63.127188,229.7851
63.243874,229.7851
63.360560,229.7851
63.477246,229.7851
63.593932,229.7851
63.710618,229.7851
63.827305,228.0718
63.943991,228.0718
64.060677,228.0718
64.177363,228.0718
64.294049,228.0718
64.410735,228.0718
64.527421,228.0718
64.644107,228.0718
64.760793,228.0718
64.877480,228.0718
64.994166,228.0718
65.110852,228.0718
65.227538,228.0718
65.344224,228.0718
65.460910,228.0718
65.577596,228.0718
65.694282,228.0718
65.810968,228.0718
65.927655,228.0718
66.044341,228.0718
66.161027,228.0718
66.277713,228.0718
66.394399,228.0718
66.511085,228.0718
66.627771,228.0718
66.744457,228.0718
66.861144,228.0718
66.977830,228.0718
67.094516,228.0718
67.211202,226.3712
67.327888,226.3712
67.444574,226.3712
67.561260,226.3712
67.677946,226.3712
67.794632,226.3712
67.911319,223.8442
68.028005,223.8442
68.144691,223.8442
68.261377,223.8442
68.378063,223.8442
68.494749,223.8442
68.611435,223.8442
68.728121,223.8442
68.844807,223.8442
68.961494,223.8442
69.078180,223.8442
69.194866,223.8442
69.311552,223.8442
69.428238,223.8442
69.544924,223.8442
69.661610,223.8442
69.778296,223.8442
69.894982,223.8442
70.011669,223.8442
70.128355,223.8442
70.245041,223.8442
70.361727,223.8442
70.478413,223.8442
70.595099,223.8442
70.711785,223.8442
70.828471,223.8442
70.945158,223.8442
71.061844,223.8442
71.178530,223.8442
71.295216,222.1752
71.411902,222.1752
71.528588,222.1752
71.645274,222.1752
71.761960,222.1752
71.878646,220.5186
71.995333,220.5186
72.112019,220.5186
72.228705,220.5186
72.345391,220.5186
72.462077,220.5186
72.578763,220.5186
72.695449,220.5186
72.812135,220.5186
72.928821,220.5186
73.045508,220.5186
73.162194,220.5186
73.278880,220.5186
73.395566,220.5186
73.512252,220.5186
73.628938,220.5186
73.745624,220.5186
73.862310,220.5186
73.978996,220.5186
74.095683,220.5186
74.212369,220.5186
74.329055,220.5186
74.445741,220.5186
74.562427,220.5186
74.679113,220.5186
74.795799,220.5186
74.912485,220.5186
75.029172,220.5186
75.145858,220.5186
75.262544,220.5186
75.379230,218.0569
75.495916,218.0569
75.612602,218.0569
75.729288,218.0569
75.845974,218.0569
75.962660,215.6227
76.079347,215.6227
76.196033,215.6227
76.312719,215.6227
76.429405,215.6227
76.546091,215.6227
76.662777,215.6227
76.779463,215.6227
76.896149,215.6227
77.012835,215.6227
77.129522,215.6227
77.246208,215.6227
77.362894,215.6227
77.479580,215.6227
77.596266,215.6227
77.712952,215.6227
77.829638,215.6227
77.946324,215.6227
78.063011,215.6227
78.179697,215.6227
78.296383,215.6227
78.413069,215.6227
78.529755,215.6227
78.646441,215.6227
78.763127,215.6227
78.879813,215.6227
78.996499,215.6227
79.113186,215.6227
79.229872,215.6227
79.346558,215.6227
79.463244,215.6227
79.579930,215.6227
79.696616,215.6227
79.813302,215.6227
79.929988,215.6227
80.046674,215.6227
80.163361,215.6227
80.280047,214.0150
80.396733,214.0150
80.513419,214.0150
80.630105,214.0150
80.746791,214.0150
80.863477,214.0150
80.980163,212.4193
81.096849,212.4193
81.213536,212.4193
81.330222,212.4193
81.446908,212.4193
81.563594,212.4193
81.680280,212.4193
81.796966,212.4193
81.913652,212.4193
82.030338,212.4193
82.147025,212.4193
82.263711,212.4193
82.380397,212.4193
82.497083,212.4193
82.613769,212.4193
82.730455,212.4193
82.847141,212.4193
82.963827,212.4193
83.080513,212.4193
83.197200,212.4193
83.313886,212.4193
83.430572,212.4193
83.547258,212.4193
83.663944,212.4193
83.780630,212.4193
83.897316,212.4193
84.014002,212.4193
84.130688,212.4193
84.247375,212.4193
84.364061,212.4193
84.480747,212.4193
84.597433,212.4193
84.714119,212.4193
84.830805,212.4193
84.947491,212.4193
85.064177,212.4193
85.180863,212.4193
85.297550,212.4193
85.414236,212.4193
85.530922,212.4193
85.647608,212.4193
85.764294,212.4193
85.880980,212.4193
85.997666,212.4193
86.114352,212.4193
86.231039,210.0480
86.347725,210.0480
86.464411,210.0480
86.581097,210.0480
86.697783,210.0480
86.814469,208.4819
86.931155,208.4819
87.047841,208.4819
87.164527,208.4819
87.281214,208.4819
87.397900,208.4819
87.514586,208.4819
87.631272,208.4819
87.747958,208.4819
87.864644,208.4819
87.981330,208.4819
88.098016,208.4819
88.214702,208.4819
88.331389,208.4819
88.448075,208.4819
88.564761,208.4819
88.681447,208.4819
88.798133,208.4819
88.914819,208.4819
89.031505,208.4819
89.148191,208.4819
89.264877,208.4819
89.381564,208.4819
89.498250,208.4819
89.614936,208.4819
89.731622,208.4819
89.848308,208.4819
89.964994,208.4819
90.081680,208.4819
90.198366,208.4819
90.315053,208.4819
90.431739,208.4819
90.548425,208.4819
90.665111,208.4819
90.781797,208.4819
90.898483,208.4819
91.015169,208.4819
91.131855,208.4819
91.248541,208.4819
91.365228,208.4819
91.481914,208.4819
91.598600,208.4819
91.715286,208.4819
91.831972,208.4819
91.948658,208.4819
92.065344,208.4819
92.182030,208.4819
92.298716,208.4819
92.415403,208.4819
92.532089,208.4819
92.648775,208.4819
92.765461,208.4819
92.882147,208.4819
92.998833,208.4819
93.115519,208.4819
93.232205,208.4819
93.348891,206.9274
93.465578,206.9274
93.582264,206.9274
93.698950,206.9274
93.815636,206.9274
93.932322,206.9274
94.049008,204.6174
94.165694,204.6174
94.282380,204.6174
94.399067,204.6174
94.515753,204.6174
94.632439,204.6174
94.749125,204.6174
94.865811,204.6174
94.982497,204.6174
95.099183,204.6174
95.215869,204.6174
95.332555,204.6174
95.449242,204.6174
95.565928,204.6174
95.682614,204.6174
95.799300,204.6174
95.915986,204.6174
96.032672,204.6174
96.149358,204.6174
96.266044,204.6174
96.382730,204.6174
96.499417,204.6174
96.616103,204.6174
96.732789,204.6174
96.849475,204.6174
96.966161,204.6174
97.082847,204.6174
97.199533,204.6174
97.316219,204.6174
97.432905,204.6174
97.549592,204.6174
97.666278,204.6174
97.782964,204.6174
97.899650,204.6174
98.016336,204.6174
98.133022,204.6174
98.249708,204.6174
98.366394,204.6174
98.483081,204.6174
98.599767,204.6174
98.716453,204.6174
98.833139,204.6174
98.949825,204.6174
99.066511,204.6174
99.183197,204.6174
99.299883,204.6174
99.416569,204.6174
99.533256,204.6174
99.649942,204.6174
