tj_c,rds_on_normalized
0.0486,0.86714
0.3809,0.86891
0.7132,0.87067
1.0455,0.87243
1.3777,0.87419
1.71,0.87596
2.0423,0.87772
2.3746,0.87948
2.7069,0.88124
3.0392,0.88301
3.3714,0.88477
3.7037,0.88653
4.036,0.88829
4.3683,0.89006
4.7006,0.89182
5.0328,0.89358
5.3651,0.89534
5.6974,0.89711
6.0297,0.89887
6.362,0.90063
6.6942,0.90239
7.0265,0.90415
7.3588,0.90592
7.6911,0.90768
8.0234,0.90944
8.3557,0.9112
8.6879,0.91297
9.0202,0.91473
9.3525,0.91649
9.6848,0.91825
10.0171,0.92002
10.3493,0.92178
10.6816,0.92354
11.0139,0.9253
11.3462,0.92707
11.6785,0.92883
12.0107,0.93059
12.343,0.93235
12.6753,0.93412
13.0076,0.93588
13.0076,0.93588
13.3399,0.93767
13.6722,0.93945
14.0044,0.94124
14.3367,0.94302
14.669,0.94481
15.0013,0.9466
15.3336,0.94838
15.6658,0.95017
15.9981,0.95195
16.3304,0.95374
16.6627,0.95552
16.995,0.95731
17.3272,0.9591
17.6595,0.96088
17.9918,0.96267
18.3241,0.96445
18.6564,0.96624
18.9887,0.96803
19.3209,0.96981
19.6532,0.9716
19.9855,0.97338
20.3178,0.97517
20.6501,0.97696
20.9823,0.97874
21.3146,0.98053
21.6469,0.98231
21.9792,0.9841
22.3115,0.98589
22.6437,0.98767
22.976,0.98946
23.3083,0.99124
23.6406,0.99303
23.9729,0.99482
24.3051,0.9966
24.6374,0.99839
24.9697,1.00017
25.302,1.00196
25.6343,1.00374
25.9666,1.00553
25.9666,1.00553
26.2733,1.0072
26.58,1.00888
26.8867,1.01055
27.1935,1.01222
27.5002,1.01389
27.8069,1.01557
28.1136,1.01724
28.4204,1.01891
28.7271,1.02058
29.0338,1.02226
29.3405,1.02393
29.6473,1.0256
29.954,1.02727
30.2607,1.02895
30.5675,1.03062
30.8742,1.03229
31.1809,1.03396
31.4876,1.03564
31.7944,1.03731
32.1011,1.03898
32.4078,1.04065
32.7145,1.04233
33.0213,1.044
33.328,1.04567
33.6347,1.04734
33.9415,1.04902
34.2482,1.05069
34.5549,1.05236
34.8616,1.05403
35.1684,1.05571
35.4751,1.05738
35.7818,1.05905
36.0885,1.06072
36.3953,1.06239
36.702,1.06407
37.0087,1.06574
37.3154,1.06741
37.6222,1.06908
37.9289,1.07076
37.9289,1.07076
38.21,1.07231
38.4912,1.07387
38.7723,1.07542
39.0535,1.07698
39.3346,1.07853
39.6158,1.08009
39.8969,1.08165
40.1781,1.0832
40.4592,1.08476
40.7404,1.08631
41.0215,1.08787
41.3027,1.08942
41.5838,1.09098
41.865,1.09253
42.1461,1.09409
42.4273,1.09564
42.7084,1.0972
42.9896,1.09876
43.2707,1.10031
43.5519,1.10187
43.833,1.10342
44.1142,1.10498
44.3953,1.10653
44.6764,1.10809
44.9576,1.10964
45.2387,1.1112
45.5199,1.11276
45.801,1.11431
46.0822,1.11587
46.3633,1.11742
46.6445,1.11898
46.9256,1.12053
47.2068,1.12209
47.4879,1.12364
47.7691,1.1252
48.0502,1.12675
48.3314,1.12831
48.6125,1.12987
48.8937,1.13142
48.8937,1.13142
49.1748,1.133
49.456,1.13458
49.7371,1.13616
50.0183,1.13774
50.2994,1.13932
50.5806,1.1409
50.8617,1.14248
51.1429,1.14406
51.424,1.14564
51.7051,1.14722
51.9863,1.1488
52.2674,1.15038
52.5486,1.15196
52.8297,1.15354
53.1109,1.15512
53.392,1.1567
53.6732,1.15827
53.9543,1.15985
54.2355,1.16143
54.5166,1.16301
54.7978,1.16459
55.0789,1.16617
55.3601,1.16775
55.6412,1.16933
55.9224,1.17091
56.2035,1.17249
56.4847,1.17407
56.7658,1.17565
57.047,1.17723
57.3281,1.17881
57.6093,1.18039
57.8904,1.18197
58.1716,1.18355
58.4527,1.18513
58.7339,1.18671
59.015,1.18829
59.2962,1.18987
59.5773,1.19145
59.8585,1.19303
59.8585,1.19303
60.1141,1.19449
60.3697,1.19595
60.6253,1.1974
60.8809,1.19886
61.1365,1.20032
61.3922,1.20178
61.6478,1.20324
61.9034,1.2047
62.159,1.20616
62.4146,1.20762
62.6702,1.20908
62.9259,1.21054
63.1815,1.212
63.4371,1.21346
63.6927,1.21492
63.9483,1.21638
64.2039,1.21783
64.4596,1.21929
64.7152,1.22075
64.9708,1.22221
65.2264,1.22367
65.482,1.22513
65.7377,1.22659
65.9933,1.22805
66.2489,1.22951
66.5045,1.23097
66.7601,1.23243
67.0157,1.23389
67.2714,1.23535
67.527,1.23681
67.7826,1.23826
68.0382,1.23972
68.2938,1.24118
68.5494,1.24264
68.8051,1.2441
69.0607,1.24556
69.3163,1.24702
69.5719,1.24848
69.8275,1.24994
69.8275,1.24994
70.0831,1.25142
70.3388,1.25291
70.5944,1.25439
70.85,1.25588
71.1056,1.25736
71.3612,1.25884
71.6168,1.26033
71.8725,1.26181
72.1281,1.2633
72.3837,1.26478
72.6393,1.26627
72.8949,1.26775
73.1505,1.26923
73.4062,1.27072
73.6618,1.2722
73.9174,1.27369
74.173,1.27517
74.4286,1.27665
74.6843,1.27814
74.9399,1.27962
75.1955,1.28111
75.4511,1.28259
75.7067,1.28408
75.9623,1.28556
76.218,1.28704
76.4736,1.28853
76.7292,1.29001
76.9848,1.2915
77.2404,1.29298
77.496,1.29446
77.7517,1.29595
78.0073,1.29743
78.2629,1.29892
78.5185,1.3004
78.7741,1.30189
79.0297,1.30337
79.2854,1.30485
79.541,1.30634
79.7966,1.30782
79.7966,1.30782
80.0266,1.30918
80.2566,1.31054
80.4866,1.3119
80.7167,1.31326
80.9467,1.31462
81.1767,1.31598
81.4067,1.31734
81.6367,1.3187
81.8667,1.32006
82.0967,1.32142
82.3268,1.32278
82.5568,1.32414
82.7868,1.3255
83.0168,1.32686
83.2468,1.32822
83.4768,1.32957
83.7069,1.33093
83.9369,1.33229
84.1669,1.33365
84.3969,1.33501
84.6269,1.33637
84.8569,1.33773
85.0869,1.33909
85.317,1.34045
85.547,1.34181
85.777,1.34317
86.007,1.34453
86.237,1.34589
86.467,1.34725
86.697,1.34861
86.9271,1.34997
87.1571,1.35133
87.3871,1.35269
87.6171,1.35405
87.8471,1.35541
88.0771,1.35677
88.3072,1.35812
88.5372,1.35948
88.7672,1.36084
88.7672,1.36084
88.9972,1.36223
89.2273,1.36361
89.4573,1.365
89.6873,1.36638
89.9174,1.36777
90.1474,1.36915
90.3775,1.37054
90.6075,1.37192
90.8375,1.37331
91.0676,1.37469
91.2976,1.37607
91.5277,1.37746
91.7577,1.37884
91.9877,1.38023
92.2178,1.38161
92.4478,1.383
92.6778,1.38438
92.9079,1.38577
93.1379,1.38715
93.368,1.38854
93.598,1.38992
93.828,1.39131
94.0581,1.39269
94.2881,1.39408
94.5182,1.39546
94.7482,1.39684
94.9782,1.39823
95.2083,1.39961
95.4383,1.401
95.6684,1.40238
95.8984,1.40377
96.1284,1.40515
96.3585,1.40654
96.5885,1.40792
96.8185,1.40931
97.0486,1.41069
97.2786,1.41208
97.5087,1.41346
97.7387,1.41484
97.7387,1.41484
97.9432,1.4161
98.1477,1.41735
98.3522,1.41861
98.5566,1.41986
98.7611,1.42111
98.9656,1.42237
99.1701,1.42362
99.3746,1.42488
99.5791,1.42613
99.7836,1.42738
99.988,1.42864
100.1925,1.42989
100.397,1.43115
100.6015,1.4324
100.806,1.43365
101.0105,1.43491
101.2149,1.43616
101.4194,1.43742
101.6239,1.43867
101.8284,1.43992
102.0329,1.44118
102.2374,1.44243
102.4418,1.44368
102.6463,1.44494
102.8508,1.44619
103.0553,1.44745
103.2598,1.4487
103.4643,1.44995
103.6688,1.45121
103.8732,1.45246
104.0777,1.45372
104.2822,1.45497
104.4867,1.45622
104.6912,1.45748
104.8957,1.45873
105.1001,1.45999
105.3046,1.46124
105.5091,1.46249
105.7136,1.46375
105.7136,1.46375
105.9181,1.46503
106.1226,1.46631
106.3271,1.46758
106.5315,1.46886
106.736,1.47014
106.9405,1.47142
107.145,1.4727
107.3495,1.47398
107.554,1.47526
107.7584,1.47654
107.9629,1.47782
108.1674,1.47909
108.3719,1.48037
108.5764,1.48165
108.7809,1.48293
108.9854,1.48421
109.1898,1.48549
109.3943,1.48677
109.5988,1.48805
109.8033,1.48933
110.0078,1.4906
110.2123,1.49188
110.4167,1.49316
110.6212,1.49444
110.8257,1.49572
111.0302,1.497
111.2347,1.49828
111.4392,1.49956
111.6437,1.50084
111.8481,1.50211
112.0526,1.50339
112.2571,1.50467
112.4616,1.50595
112.6661,1.50723
112.8706,1.50851
113.075,1.50979
113.2795,1.51107
113.484,1.51235
113.6885,1.51362
113.6885,1.51362
113.893,1.51493
114.0975,1.51624
114.3019,1.51754
114.5064,1.51885
114.7109,1.52015
114.9154,1.52146
115.1199,1.52276
115.3244,1.52407
115.5289,1.52538
115.7333,1.52668
115.9378,1.52799
116.1423,1.52929
116.3468,1.5306
116.5513,1.5319
116.7558,1.53321
116.9602,1.53452
117.1647,1.53582
117.3692,1.53713
117.5737,1.53843
117.7782,1.53974
117.9827,1.54104
118.1872,1.54235
118.3916,1.54365
118.5961,1.54496
118.8006,1.54627
119.0051,1.54757
119.2096,1.54888
119.4141,1.55018
119.6185,1.55149
119.823,1.55279
120.0275,1.5541
120.232,1.55541
120.4365,1.55671
120.641,1.55802
120.8455,1.55932
121.0499,1.56063
121.2544,1.56193
121.4589,1.56324
121.6634,1.56455
121.6634,1.56455
121.8423,1.56571
122.0212,1.56688
122.2001,1.56805
122.379,1.56922
122.5579,1.57038
122.7368,1.57155
122.9157,1.57272
123.0946,1.57388
123.2735,1.57505
123.4525,1.57622
123.6314,1.57739
123.8103,1.57855
123.9892,1.57972
124.1681,1.58089
124.347,1.58206
124.5259,1.58322
124.7048,1.58439
124.8837,1.58556
125.0626,1.58672
125.2415,1.58789
125.4204,1.58906
125.5993,1.59023
125.7782,1.59139
125.9571,1.59256
126.136,1.59373
126.315,1.5949
126.4939,1.59606
126.6728,1.59723
126.8517,1.5984
127.0306,1.59956
127.2095,1.60073
127.3884,1.6019
127.5673,1.60307
127.7462,1.60423
127.9251,1.6054
128.104,1.60657
128.2829,1.60774
128.4618,1.6089
128.6407,1.61007
128.6407,1.61007
128.8197,1.61126
128.9986,1.61246
129.1775,1.61365
129.3565,1.61484
129.5354,1.61603
129.7143,1.61723
129.8932,1.61842
130.0722,1.61961
130.2511,1.62081
130.43,1.622
130.609,1.62319
130.7879,1.62438
130.9668,1.62558
131.1457,1.62677
131.3247,1.62796
131.5036,1.62916
131.6825,1.63035
131.8615,1.63154
132.0404,1.63273
132.2193,1.63393
132.3983,1.63512
132.5772,1.63631
132.7561,1.63751
132.935,1.6387
133.114,1.63989
133.2929,1.64108
133.4718,1.64228
133.6508,1.64347
133.8297,1.64466
134.0086,1.64585
134.1875,1.64705
134.3665,1.64824
134.5454,1.64943
134.7243,1.65063
134.9033,1.65182
135.0822,1.65301
135.2611,1.6542
135.4401,1.6554
135.619,1.65659
135.619,1.65659
135.7979,1.65781
135.9768,1.65903
136.1558,1.66025
136.3347,1.66147
136.5136,1.6627
136.6926,1.66392
136.8715,1.66514
137.0504,1.66636
137.2293,1.66758
137.4083,1.6688
137.5872,1.67002
137.7661,1.67124
137.9451,1.67246
138.124,1.67369
138.3029,1.67491
138.4818,1.67613
138.6608,1.67735
138.8397,1.67857
139.0186,1.67979
139.1976,1.68101
139.3765,1.68223
139.5554,1.68345
139.7344,1.68468
139.9133,1.6859
140.0922,1.68712
140.2711,1.68834
140.4501,1.68956
140.629,1.69078
140.8079,1.692
140.9869,1.69322
141.1658,1.69445
141.3447,1.69567
141.5236,1.69689
141.7026,1.69811
141.8815,1.69933
142.0604,1.70055
142.2394,1.70177
142.4183,1.70299
142.5972,1.70421
142.5972,1.70421
142.7506,1.70529
142.9039,1.70636
143.0573,1.70743
143.2106,1.7085
143.364,1.70957
143.5173,1.71064
143.6707,1.71171
143.824,1.71279
143.9774,1.71386
144.1307,1.71493
144.2841,1.716
144.4374,1.71707
144.5908,1.71814
144.7441,1.71921
144.8975,1.72029
145.0508,1.72136
145.2042,1.72243
145.3575,1.7235
145.5109,1.72457
145.6642,1.72564
145.8176,1.72672
145.9709,1.72779
146.1243,1.72886
146.2777,1.72993
146.431,1.731
146.5844,1.73207
146.7377,1.73314
146.8911,1.73422
147.0444,1.73529
147.1978,1.73636
147.3511,1.73743
147.5045,1.7385
147.6578,1.73957
147.8112,1.74064
147.9645,1.74172
148.1179,1.74279
148.2712,1.74386
148.4246,1.74493
148.5779,1.746
148.5779,1.746
148.6035,1.74618
148.629,1.74636
148.6546,1.74655
148.6801,1.74673
148.7057,1.74691
148.7312,1.74709
148.7568,1.74727
148.7824,1.74745
148.8079,1.74763
148.8335,1.74781
148.859,1.74799
148.8846,1.74818
148.9101,1.74836
148.9357,1.74854
148.9612,1.74872
148.9868,1.7489
149.0124,1.74908
149.0379,1.74926
149.0635,1.74944
149.089,1.74962
149.1146,1.74981
149.1401,1.74999
149.1657,1.75017
149.1912,1.75035
149.2168,1.75053
149.2424,1.75071
149.2679,1.75089
149.2935,1.75107
149.319,1.75125
149.3446,1.75144
149.3701,1.75162
149.3957,1.7518
149.4212,1.75198
149.4468,1.75216
149.4723,1.75234
149.4979,1.75252
149.5235,1.7527
149.549,1.75289
149.5746,1.75307
