t_ns,vgs_out_v,vgs_in_v,vds_out_v,vds_in_v,id_out_group_a,id_in_group_a,i_l1_a
-0.972388,4.9919,-4.64264e-05,0.0378378,12.1844,74.8804,-0.00249509,-74.8829
-0.922388,4.99189,-4.6426e-05,0.0378771,12.1843,74.9571,-0.00249505,-74.9595
-0.872388,4.99188,-4.64256e-05,0.0379163,12.1843,75.0337,-0.00249502,-75.0362
-0.822388,4.99187,-4.64251e-05,0.0379555,12.1843,75.1104,-0.00249499,-75.1129
-0.772388,4.99186,-4.64247e-05,0.0379948,12.1842,75.1871,-0.00249495,-75.1895
-0.722388,4.99185,-4.64243e-05,0.038034,12.1842,75.2637,-0.00249492,-75.2662
-0.672388,4.99185,-4.64238e-05,0.0380732,12.1842,75.3404,-0.00249488,-75.3428
-0.622388,4.99184,-4.64234e-05,0.0381125,12.1841,75.417,-0.00249485,-75.4195
-0.572388,4.99183,-4.6423e-05,0.0381517,12.1841,75.4937,-0.00249482,-75.4961
-0.522388,4.99182,-4.64225e-05,0.0381909,12.1841,75.5703,-0.00249478,-75.5727
-0.472388,4.99181,-4.64221e-05,0.0382301,12.184,75.6469,-0.00249475,-75.6494
-0.422388,4.9918,-4.64217e-05,0.0382694,12.184,75.7236,-0.00249471,-75.726
-0.372388,4.99179,-4.64212e-05,0.0383086,12.1839,75.8002,-0.00249468,-75.8026
-0.322388,4.99179,-4.64208e-05,0.0383478,12.1839,75.8768,-0.00249465,-75.8793
-0.272388,4.99178,-4.64203e-05,0.038387,12.1839,75.9534,-0.00249461,-75.9559
-0.222388,4.99177,-4.64199e-05,0.0384263,12.1838,76.0301,-0.00249458,-76.0325
-0.172388,4.99176,-4.64195e-05,0.0384655,12.1838,76.1067,-0.00249454,-76.1091
-0.122388,4.99175,-4.6419e-05,0.0385047,12.1838,76.1833,-0.00249451,-76.1858
-0.0723877,4.99174,-4.64186e-05,0.0385439,12.1837,76.2599,-0.00249448,-76.2624
-0.0223877,4.99173,-4.64182e-05,0.0385832,12.1837,76.3365,-0.00249444,-76.339
0,4.99173,-4.6418e-05,0.0386007,12.1837,76.3708,-0.00249443,-76.3733
0.00565177,4.99154,-4.56449e-05,0.0385506,12.1837,76.4542,0.039225,-76.3819
0.00814387,4.99134,-4.49143e-05,0.0385183,12.1838,76.4718,0.0452252,-76.3857
0.0103283,4.99111,-4.42075e-05,0.038488,12.1838,76.4835,0.0485713,-76.3891
0.0129631,4.99075,-4.33042e-05,0.0384501,12.1838,76.4944,0.0511918,-76.3931
0.0162681,4.99019,-4.21237e-05,0.0384011,12.1839,76.5046,0.053049,-76.3982
0.0198035,4.98945,-4.08304e-05,0.0383479,12.1839,76.5129,0.053951,-76.4036
0.0244608,4.98825,-3.91115e-05,0.0382776,12.184,76.5214,0.0542076,-76.4108
0.0301937,4.98644,-3.70026e-05,0.0381915,12.1841,76.5299,0.0537794,-76.4195
0.0382243,4.98326,-3.40979e-05,0.0380731,12.1842,76.5402,0.052604,-76.4319
0.0482775,4.97824,-3.05711e-05,0.0379292,12.1844,76.5522,0.0508013,-76.4473
0.0609452,4.97027,-2.63191e-05,0.0377553,12.1845,76.5668,0.0484023,-76.4667
0.0782205,4.95644,-2.08737e-05,0.0375322,12.1848,76.5867,0.0450875,-76.4932
0.1,4.93418,-1.45919e-05,0.0372738,12.185,76.6116,0.0408641,-76.5266
0.104115,4.92947,-1.39344e-05,0.0372648,12.185,76.5566,0.00625766,-76.5329
0.107815,4.92524,-1.39254e-05,0.0372723,12.185,76.5344,-0.00706017,-76.5386
0.110721,4.92192,-1.40981e-05,0.0372834,12.185,76.5259,-0.0125959,-76.543
0.114124,4.91804,-1.44055e-05,0.0372996,12.185,76.5216,-0.016507,-76.5483
0.118899,4.91259,-1.49438e-05,0.0373256,12.185,76.5213,-0.0194735,-76.5556
0.12511,4.90552,-1.57388e-05,0.0373625,12.1849,76.5261,-0.021222,-76.5651
0.133148,4.89638,-1.68341e-05,0.0374124,12.1849,76.536,-0.0220972,-76.5774
0.1416,4.88679,-1.80163e-05,0.0374661,12.1848,76.548,-0.0224399,-76.5904
0.152131,4.87486,-1.95035e-05,0.0375337,12.1848,76.5637,-0.0226498,-76.6066
0.165482,4.85978,-2.13982e-05,0.03762,12.1847,76.5838,-0.0228336,-76.627
0.186148,4.83654,-2.4344e-05,0.0377549,12.1845,76.6149,-0.0230949,-76.6587
0.218882,4.79994,-2.90395e-05,0.0379718,12.1843,76.6643,-0.0235138,-76.7089
0.268882,4.74457,-3.62856e-05,0.0383106,12.184,76.7396,-0.0241784,-76.7856
0.318882,4.68983,-4.36286e-05,0.038659,12.1837,76.8148,-0.0248768,-76.8622
0.368882,4.63572,-5.10775e-05,0.0390174,12.1833,76.8899,-0.0256077,-76.9388
0.368882,4.63572,-5.10775e-05,0.0390174,12.1833,76.8899,-0.0256077,-76.9388
0.368882,4.63572,-5.10775e-05,0.0390174,12.1833,76.8899,-0.0256077,-76.9388
0.368882,4.63572,-5.10775e-05,0.0390174,12.1833,76.8899,-0.0256077,-76.9388
0.368882,4.63572,-5.10775e-05,0.0390174,12.1833,76.8899,-0.0256077,-76.9388
0.368882,4.63572,-5.10775e-05,0.0390174,12.1833,76.8899,-0.0256077,-76.9388
0.368882,4.63572,-5.10775e-05,0.0390174,12.1833,76.8899,-0.0256077,-76.9388
0.368882,4.63572,-5.10775e-05,0.0390174,12.1833,76.8899,-0.0256077,-76.9388
0.368882,4.63572,-5.10775e-05,0.0390174,12.1833,76.8899,-0.0256077,-76.9388
0.368882,4.63572,-5.10775e-05,0.0390174,12.1833,76.8899,-0.0256077,-76.9388
0.368882,4.63572,-5.10775e-05,0.0390174,12.1833,76.8899,-0.0256077,-76.9388
0.368882,4.63572,-5.10775e-05,0.0390174,12.1833,76.8899,-0.0256077,-76.9388
0.368883,4.63572,-5.10775e-05,0.0390174,12.1833,76.8899,-0.0256077,-76.9388
0.368883,4.63572,-5.10776e-05,0.0390174,12.1833,76.8899,-0.0256077,-76.9388
0.368883,4.63572,-5.10776e-05,0.0390175,12.1833,76.8899,-0.0256077,-76.9388
0.368884,4.63572,-5.10777e-05,0.0390175,12.1833,76.8899,-0.0256077,-76.9388
0.368886,4.63572,-5.1078e-05,0.0390175,12.1833,76.8899,-0.0256078,-76.9388
0.368889,4.63571,-5.10785e-05,0.0390175,12.1833,76.8899,-0.0256078,-76.9388
0.368895,4.63571,-5.10795e-05,0.0390175,12.1833,76.8899,-0.0256079,-76.9388
0.368909,4.63569,-5.10814e-05,0.0390176,12.1833,76.8899,-0.0256081,-76.9388
0.368935,4.63566,-5.10854e-05,0.0390178,12.1833,76.89,-0.0256085,-76.9388
0.368987,4.63561,-5.10932e-05,0.0390182,12.1833,76.8901,-0.0256094,-76.9389
0.369092,4.63549,-5.1109e-05,0.039019,12.1833,76.8902,-0.025611,-76.9391
0.369302,4.63527,-5.11404e-05,0.0390205,12.1833,76.8905,-0.0256142,-76.9394
0.369721,4.63482,-5.12034e-05,0.0390235,12.1833,76.8912,-0.0256204,-76.94
0.37056,4.63392,-5.13294e-05,0.0390296,12.1833,76.8924,-0.0256331,-76.9413
0.372238,4.63211,-5.15813e-05,0.0390419,12.1833,76.8949,-0.0256588,-76.9439
0.375593,4.6285,-5.20858e-05,0.0390663,12.1833,76.9,-0.0257101,-76.949
0.382304,4.6213,-5.30962e-05,0.0391154,12.1832,76.91,-0.0258124,-76.9593
0.395726,4.60693,-5.51235e-05,0.0392142,12.1831,76.9302,-0.0260175,-76.9799
0.422569,4.57831,-5.92043e-05,0.039414,12.1829,76.9704,-0.0264345,-77.021
0.472569,4.52547,-6.69037e-05,0.0397948,12.1825,77.0454,-0.0272393,-77.0975
0.522569,4.47324,-7.47396e-05,0.0401872,12.1821,77.1201,-0.0280889,-77.174
0.572569,4.42161,-8.27237e-05,0.0405917,12.1818,77.1948,-0.0289797,-77.2504
0.622569,4.37056,-9.08678e-05,0.0410091,12.1813,77.2694,-0.0299174,-77.3269
0.672569,4.32011,-9.91848e-05,0.0414401,12.1809,77.3438,-0.0309044,-77.4033
0.722569,4.27023,-0.000107688,0.0418852,12.1805,77.4181,-0.0319436,-77.4796
0.772569,4.22092,-0.000116393,0.0423453,12.18,77.4922,-0.03304,-77.5559
0.822569,4.17218,-0.000125314,0.0428211,12.1795,77.5662,-0.0341961,-77.6322
0.872569,4.124,-0.000134469,0.0433137,12.1791,77.6399,-0.035418,-77.7085
0.922569,4.07637,-0.000143876,0.0438239,12.1786,77.7136,-0.0367088,-77.7847
0.972569,4.02929,-0.000153553,0.0443527,12.178,77.787,-0.0380757,-77.8609
1.02257,3.98275,-0.000163522,0.0449013,12.1775,77.8602,-0.0395226,-77.937
1.07257,3.93674,-0.000173804,0.0454707,12.1769,77.9332,-0.0410576,-78.0131
1.12257,3.89127,-0.000184425,0.0460624,12.1763,78.006,-0.0426863,-78.0891
1.17257,3.84632,-0.000195411,0.0466776,12.1757,78.0785,-0.0444178,-78.1651
1.22257,3.80189,-0.000206789,0.0473179,12.1751,78.1507,-0.0462593,-78.241
1.27257,3.75797,-0.000218591,0.0479848,12.1744,78.2227,-0.0482216,-78.3169
1.32257,3.71456,-0.000230851,0.0486802,12.1737,78.2943,-0.0503141,-78.3927
1.37257,3.67165,-0.000243606,0.0494059,12.173,78.3656,-0.0525494,-78.4685
1.42257,3.62923,-0.000256894,0.0501641,12.1723,78.4365,-0.0549397,-78.5442
1.47257,3.58731,-0.000270762,0.050957,12.1715,78.5071,-0.0575002,-78.6198
1.52257,3.54588,-0.000285255,0.0517871,12.1707,78.5771,-0.0602464,-78.6954
1.57257,3.50492,-0.000300429,0.0526571,12.1698,78.6467,-0.0631973,-78.7709
1.62257,3.46445,-0.00031634,0.0535702,12.1689,78.7158,-0.0663726,-78.8464
1.67257,3.42444,-0.000333054,0.0545294,12.1679,78.7843,-0.0697959,-78.9218
1.72257,3.3849,-0.000350642,0.0555386,12.1669,78.8522,-0.0734928,-78.997
1.77257,3.34583,-0.000369184,0.0566018,12.1659,78.9194,-0.0774931,-79.0723
1.82257,3.30721,-0.000388767,0.0577235,12.1648,78.9859,-0.08183,-79.1474
1.87257,3.26904,-0.000409491,0.0589086,12.1636,79.0515,-0.0865421,-79.2224
1.92257,3.23133,-0.000431465,0.0601627,12.1623,79.1161,-0.0916727,-79.2973
1.97257,3.19406,-0.000454814,0.061492,12.161,79.1798,-0.0972721,-79.3722
2.02257,3.15723,-0.000479677,0.0629036,12.1596,79.2422,-0.103398,-79.4469
2.07257,3.12084,-0.000506211,0.0644052,12.1581,79.3034,-0.110117,-79.5215
2.12257,3.08488,-0.000534594,0.0660058,12.1565,79.3631,-0.117506,-79.596
2.17257,3.04935,-0.00056503,0.0677153,12.1548,79.4211,-0.125655,-79.6703
2.22257,3.01426,-0.00059775,0.0695451,12.153,79.4773,-0.13467,-79.7445
2.27257,2.97958,-0.000633018,0.0715082,12.1511,79.5314,-0.144673,-79.8186
2.32257,2.94534,-0.00067114,0.0736196,12.149,79.583,-0.15581,-79.8925
2.37257,2.91151,-0.000712467,0.0758962,12.1467,79.6319,-0.168253,-79.9662
2.42257,2.8781,-0.000757407,0.0783579,12.1442,79.6775,-0.182205,-80.0397
2.47257,2.84511,-0.000806434,0.0810274,12.1416,79.7195,-0.197912,-80.113
2.52257,2.81254,-0.000860104,0.0839314,12.1387,79.7572,-0.215665,-80.1861
2.57257,2.78039,-0.000919069,0.0871011,12.1355,79.7898,-0.235816,-80.259
2.62257,2.74867,-0.000984099,0.0905729,12.1321,79.8166,-0.258792,-80.3316
2.67257,2.71737,-0.00105611,0.0943902,12.1283,79.8364,-0.285111,-80.4039
2.72257,2.68649,-0.00113618,0.0986039,12.1241,79.848,-0.315403,-80.4759
2.77257,2.65606,-0.00122563,0.103275,12.1194,79.8498,-0.350441,-80.5475
2.82257,2.62607,-0.00132601,0.108477,12.1142,79.84,-0.391172,-80.6187
2.87257,2.59653,-0.00143922,0.114297,12.1084,79.8161,-0.438762,-80.6895
2.92257,2.56747,-0.00156755,0.120841,12.1019,79.7752,-0.49464,-80.7598
2.97257,2.53889,-0.0017138,0.128238,12.0945,79.714,-0.560564,-80.8295
3.02257,2.51083,-0.00188137,0.136641,12.0861,79.628,-0.63868,-80.8987
3.07257,2.48331,-0.00207439,0.146239,12.0766,79.512,-0.731594,-80.967
3.12257,2.45637,-0.00229793,0.157259,12.0656,79.3599,-0.84243,-81.0346
3.17257,2.43005,-0.00255811,0.169976,12.0529,79.1643,-0.97487,-81.1012
3.22257,2.40441,-0.00286233,0.184718,12.0382,78.9169,-1.13314,-81.1667
3.27257,2.3795,-0.00321941,0.201874,12.0211,78.6085,-1.32194,-81.231
3.32257,2.3554,-0.00363978,0.221897,12.0011,78.2293,-1.54622,-81.2938
3.37257,2.33218,-0.00413546,0.245306,11.9778,77.77,-1.81083,-81.3548
3.42257,2.30992,-0.00472006,0.272679,11.9505,77.2224,-2.12013,-81.4138
3.47257,2.28868,-0.00540858,0.304639,11.9186,76.5804,-2.47748,-81.4704
3.52257,2.26852,-0.00621711,0.341842,11.8815,75.8407,-2.8849,-81.5242
3.57257,2.24947,-0.00716249,0.38495,11.8385,75.0028,-3.34316,-81.5749
3.62257,2.23152,-0.00826216,0.43462,11.7889,74.0681,-3.85226,-81.6218
3.67257,2.2146,-0.00953419,0.491501,11.7322,73.0377,-4.41246,-81.6645
3.72257,2.19862,-0.0109978,0.556238,11.6676,71.9103,-5.02541,-81.7023
3.75,2.19018,-0.0118894,0.595314,11.6286,71.2463,-5.38754,-81.7208
3.75673,2.18814,-0.0117263,0.605276,11.6187,71.0438,-5.52857,-81.7251
3.7572,2.188,-0.0116835,0.605983,11.618,71.0324,-5.53429,-81.7254
3.7572,2.188,-0.0116835,0.605983,11.618,71.0324,-5.53427,-81.7254
3.7572,2.188,-0.0116835,0.605983,11.618,71.0324,-5.53427,-81.7254
3.7572,2.188,-0.0116835,0.605983,11.618,71.0324,-5.53427,-81.7254
3.7572,2.188,-0.0116835,0.605983,11.618,71.0324,-5.53427,-81.7254
3.7572,2.188,-0.0116835,0.605983,11.618,71.0324,-5.53427,-81.7254
3.7572,2.188,-0.0116835,0.605983,11.618,71.0324,-5.53427,-81.7254
3.7572,2.188,-0.0116835,0.605983,11.618,71.0324,-5.53427,-81.7254
3.7572,2.188,-0.0116835,0.605983,11.618,71.0324,-5.53427,-81.7254
3.7572,2.188,-0.0116835,0.605983,11.618,71.0324,-5.53427,-81.7254
3.7572,2.188,-0.0116835,0.605983,11.618,71.0324,-5.53427,-81.7254
3.7572,2.188,-0.0116835,0.605983,11.618,71.0324,-5.53427,-81.7254
3.7572,2.188,-0.0116835,0.605984,11.618,71.0324,-5.53427,-81.7254
3.7572,2.188,-0.0116835,0.605984,11.618,71.0324,-5.53428,-81.7254
3.7572,2.18799,-0.0116835,0.605984,11.618,71.0324,-5.53428,-81.7254
3.7572,2.18799,-0.0116834,0.605986,11.618,71.0324,-5.53429,-81.7254
3.75721,2.18799,-0.0116833,0.605988,11.618,71.0323,-5.53431,-81.7254
3.75721,2.18799,-0.011683,0.605993,11.618,71.0323,-5.53435,-81.7254
3.75722,2.18799,-0.0116824,0.606003,11.618,71.0321,-5.53443,-81.7254
3.75723,2.18799,-0.0116812,0.606022,11.618,71.0318,-5.53459,-81.7254
3.75726,2.18798,-0.0116788,0.606062,11.6179,71.0311,-5.53492,-81.7254
3.75731,2.18796,-0.011674,0.60614,11.6178,71.0299,-5.53556,-81.7254
3.75741,2.18793,-0.0116642,0.606297,11.6177,71.0273,-5.53687,-81.7255
3.75762,2.18787,-0.0116441,0.60661,11.6174,71.0222,-5.53953,-81.7256
3.75804,2.18774,-0.0116017,0.607238,11.6167,71.0118,-5.54501,-81.7259
3.75888,2.18749,-0.0115077,0.608495,11.6155,70.9907,-5.55646,-81.7264
3.76056,2.18698,-0.0112833,0.611016,11.613,70.9477,-5.5806,-81.7275
3.76391,2.18597,-0.0106892,0.616089,11.6079,70.8599,-5.63112,-81.7295
3.77062,2.18395,-0.00892056,0.626354,11.5977,70.6812,-5.73483,-81.7335
3.78405,2.17995,-0.00306936,0.647369,11.5767,70.3173,-5.94606,-81.7413
3.81089,2.17204,0.0178274,0.691394,11.5328,69.5644,-6.38282,-81.7553
3.83769,2.16425,0.0508211,0.738095,11.4862,68.7771,-6.84067,-81.7674
3.85,2.1607,0.0699977,0.760487,11.4639,68.4039,-7.05825,-81.7723
3.86085,2.15758,0.0879674,0.780778,11.4436,68.1149,-7.18902,-81.7763
3.87298,2.15411,0.107963,0.804064,11.4204,67.7342,-7.41213,-81.7802
3.88575,2.15047,0.12887,0.829237,11.3953,67.3507,-7.61772,-81.7839
3.91127,2.14322,0.170306,0.88173,11.3429,66.5474,-8.06739,-81.7897
3.95178,2.13178,0.235039,0.971083,11.2538,65.239,-8.79482,-81.7943
4.00178,2.11777,0.313149,1.0918,11.1334,63.5744,-9.73767,-81.7916
4.05178,2.10396,0.389269,1.22415,11.0014,61.9144,-10.689,-81.7788
4.10178,2.09052,0.463378,1.36793,10.8579,60.2998,-11.6365,-81.7549
4.15178,2.07757,0.535462,1.52263,10.7036,58.7757,-12.55,-81.7192
4.20178,2.06522,0.605513,1.68755,10.5391,57.3575,-13.4271,-81.6707
4.25178,2.0535,0.673531,1.86191,10.3652,56.057,-14.255,-81.6086
4.30178,2.0424,0.739518,2.04494,10.1826,54.8668,-15.0406,-81.5323
4.35178,2.03187,0.803486,2.23587,9.99214,53.7816,-15.7808,-81.4411
4.40178,2.02184,0.865448,2.43406,9.79444,52.787,-16.4838,-81.3344
4.45178,2.01225,0.925423,2.6389,9.5901,51.8733,-17.1491,-81.2116
4.50178,2.00303,0.98343,2.84985,9.37965,51.0264,-17.7831,-81.0722
4.55178,1.9941,1.03949,3.06646,9.16357,50.2364,-18.3852,-80.9158
4.60178,1.9854,1.09364,3.28828,8.94228,49.4917,-18.9594,-80.7419
4.65178,1.97687,1.14589,3.51494,8.71617,48.7834,-19.5047,-80.5502
4.70178,1.96844,1.19627,3.74607,8.48559,48.1024,-20.0233,-80.3401
4.75178,1.96007,1.24482,3.98133,8.25088,47.442,-20.5138,-80.1115
4.80178,1.95171,1.29157,4.22041,8.01237,46.7957,-20.9775,-79.864
4.85178,1.94331,1.33656,4.46301,7.77035,46.1594,-21.4131,-79.5973
4.90178,1.93482,1.37981,4.70883,7.5251,45.5296,-21.8214,-79.3111
4.95178,1.92621,1.42138,4.9576,7.27692,44.9044,-22.2012,-79.0052
5.00178,1.91745,1.46131,5.20906,7.02604,44.2828,-22.5525,-78.6794
5.05178,1.9085,1.49964,5.46299,6.77271,43.665,-22.874,-78.3334
5.10178,1.89933,1.53642,5.71914,6.51716,43.0521,-23.1648,-77.9671
5.15178,1.88993,1.57169,5.97733,6.25957,42.446,-23.4228,-77.5803
5.20178,1.88026,1.60551,6.23738,6.00013,41.849,-23.6458,-77.1728
5.25178,1.87033,1.63791,6.49914,5.73898,41.2644,-23.8306,-76.7446
5.30178,1.86011,1.66895,6.7625,5.47623,40.6959,-23.9734,-76.2954
5.35178,1.84961,1.69866,7.02738,5.21196,40.1475,-24.0693,-75.8252
5.40178,1.83881,1.72707,7.29375,4.94621,39.6238,-24.1132,-75.3338
5.45178,1.82772,1.75423,7.56163,4.67895,39.1295,-24.0991,-74.8211
5.50178,1.81635,1.78015,7.83107,4.41012,38.6692,-24.0211,-74.287
5.55178,1.8047,1.80485,8.10222,4.13959,38.247,-23.8732,-73.7313
5.60178,1.79277,1.82837,8.37523,3.86718,37.8664,-23.6508,-73.154
5.65178,1.78059,1.85069,8.65035,3.59268,37.5293,-23.3504,-72.5548
5.70178,1.76816,1.87183,8.92782,3.3158,37.2355,-22.9712,-71.9336
5.75178,1.75548,1.8918,9.20794,3.03628,36.9823,-22.516,-71.2902
5.80178,1.74256,1.91058,9.49098,2.75382,36.7636,-21.9918,-70.6243
5.85178,1.72939,1.92818,9.7772,2.46818,36.5694,-21.4107,-69.9358
5.90178,1.71596,1.94458,10.0668,2.17919,36.3844,-20.792,-69.2243
5.95178,1.70225,1.95977,10.3597,1.88679,36.186,-20.1651,-68.4896
6.00178,1.68822,1.97362,10.6559,1.5912,35.9359,-19.5808,-67.7314
6.05178,1.67383,1.98575,10.9545,1.29309,35.5589,-19.1401,-66.9495
6.10178,1.65899,1.99506,11.2539,0.99423,34.8956,-19.0603,-66.1437
6.15178,1.64357,1.99913,11.5503,0.698405,33.6745,-19.7145,-65.3142
6.20178,1.62743,1.99544,11.8376,0.41162,31.7154,-21.3587,-64.4615
6.25178,1.61044,1.98511,12.1089,0.140875,29.0443,-23.9724,-63.5866
6.27624,1.60178,1.97922,12.2332,0.0169031,27.2491,-25.9264,-63.151
6.29035,1.59664,1.9762,12.3009,-0.0506149,25.7202,-27.7301,-62.8975
6.30207,1.59227,1.9743,12.3536,-0.103147,23.9123,-29.9712,-62.6857
6.31553,1.5871,1.97325,12.4083,-0.157677,21.1424,-33.5019,-62.4415
6.32914,1.58165,1.97372,12.4561,-0.205232,17.9035,-37.6844,-62.1935
6.34399,1.57546,1.97613,12.4988,-0.247725,14.2776,-42.3859,-61.9217
6.35994,1.56853,1.98085,12.5341,-0.282779,10.6803,-47.037,-61.6288
6.37522,1.56166,1.9872,12.5588,-0.307158,7.71658,-50.8353,-61.3475
6.39347,1.55321,1.9967,12.5785,-0.326531,4.8488,-54.4493,-61.0111
6.41518,1.54291,2.0101,12.5912,-0.338831,2.29715,-57.5657,-60.6102
6.4386,1.53159,2.02638,12.5955,-0.342589,0.392009,-59.7584,-60.1774
6.46355,1.51941,2.04505,12.5927,-0.339288,-0.929828,-61.1178,-59.7164
6.4865,1.50815,2.06297,12.5858,-0.331939,-1.69329,-61.7432,-59.2924
6.5109,1.49616,2.08242,12.5758,-0.321401,-2.18723,-61.97,-58.842
6.53666,1.48354,2.10316,12.5635,-0.30853,-2.47212,-61.8831,-58.367
6.53666,1.48354,2.10316,12.5635,-0.30853,-2.47212,-61.8831,-58.367
6.53666,1.48354,2.10316,12.5635,-0.30853,-2.47212,-61.8831,-58.367
6.53666,1.48354,2.10316,12.5635,-0.30853,-2.47212,-61.8831,-58.367
6.53666,1.48354,2.10316,12.5635,-0.30853,-2.47212,-61.8831,-58.367
6.53666,1.48354,2.10316,12.5635,-0.30853,-2.47212,-61.8831,-58.367
6.53666,1.48354,2.10316,12.5635,-0.30853,-2.47212,-61.8831,-58.367
6.53666,1.48354,2.10316,12.5635,-0.30853,-2.47212,-61.8831,-58.367
6.53666,1.48354,2.10316,12.5635,-0.30853,-2.47212,-61.8831,-58.367
6.53666,1.48354,2.10316,12.5635,-0.30853,-2.47212,-61.8831,-58.367
6.53666,1.48354,2.10316,12.5635,-0.30853,-2.47212,-61.8831,-58.367
6.53666,1.48354,2.10316,12.5635,-0.30853,-2.47212,-61.8831,-58.367
6.53666,1.48354,2.10316,12.5635,-0.30853,-2.47212,-61.8831,-58.367
6.53666,1.48354,2.10316,12.5635,-0.30853,-2.47212,-61.8831,-58.367
6.53666,1.48354,2.10316,12.5635,-0.308529,-2.47212,-61.8831,-58.367
6.53666,1.48354,2.10316,12.5635,-0.308529,-2.47213,-61.8831,-58.3669
6.53666,1.48354,2.10316,12.5635,-0.308528,-2.47214,-61.8831,-58.3669
6.53667,1.48354,2.10316,12.5635,-0.308526,-2.47216,-61.8831,-58.3669
6.53667,1.48354,2.10317,12.5635,-0.308523,-2.47221,-61.883,-58.3667
6.53669,1.48353,2.10318,12.5635,-0.308516,-2.47231,-61.8829,-58.3665
6.53671,1.48352,2.1032,12.5635,-0.308502,-2.4725,-61.8827,-58.366
6.53677,1.48349,2.10324,12.5634,-0.308475,-2.47288,-61.8822,-58.365
6.53687,1.48344,2.10332,12.5634,-0.30842,-2.47364,-61.8813,-58.3631
6.53708,1.48334,2.10349,12.5633,-0.30831,-2.47515,-61.8795,-58.3592
6.5375,1.48313,2.10383,12.5631,-0.30809,-2.47815,-61.8758,-58.3515
6.53834,1.48272,2.10451,12.5626,-0.307649,-2.48403,-61.8684,-58.3361
6.54002,1.4819,2.10586,12.5618,-0.306766,-2.49532,-61.8527,-58.3051
6.54337,1.48026,2.10857,12.5601,-0.304989,-2.51611,-61.8189,-58.2433
6.55008,1.47699,2.11398,12.5567,-0.301408,-2.55102,-61.7423,-58.1197
6.5635,1.47045,2.12478,12.5497,-0.294162,-2.59773,-61.5572,-57.8725
6.59035,1.45743,2.14627,12.5357,-0.27957,-2.62048,-61.0902,-57.3787
6.63799,1.43455,2.18388,12.5113,-0.254244,-2.51573,-60.0637,-56.5038
6.68218,1.41361,2.21802,12.4901,-0.232152,-2.32768,-58.9889,-55.6937
6.73218,1.39025,2.25568,12.4684,-0.209371,-2.07835,-57.7252,-54.7789
6.78218,1.36726,2.29231,12.4491,-0.189091,-1.8229,-56.4558,-53.8657
6.83218,1.34463,2.32794,12.4322,-0.171255,-1.57943,-55.2051,-52.954
6.88218,1.32236,2.36263,12.4175,-0.155682,-1.35736,-53.9858,-52.0435
6.93218,1.30044,2.39644,12.4049,-0.142136,-1.16093,-52.8033,-51.1341
6.98218,1.27886,2.42945,12.394,-0.130359,-0.991117,-51.6588,-50.2256
7.03218,1.25762,2.46172,12.3847,-0.1201,-0.846533,-50.5501,-49.318
7.08218,1.23671,2.49331,12.3766,-0.11113,-0.724619,-49.4735,-48.411
7.13218,1.21612,2.52428,12.3695,-0.103246,-0.622283,-48.4246,-47.5046
7.18218,1.19585,2.55467,12.3634,-0.0962773,-0.536495,-47.3992,-46.5988
7.23218,1.17588,2.58452,12.358,-0.0900797,-0.464483,-46.3933,-45.6934
7.28218,1.15623,2.61387,12.3533,-0.0845337,-0.403887,-45.4036,-44.7884
7.33218,1.13687,2.64274,12.349,-0.079541,-0.352715,-44.4272,-43.8838
7.38218,1.11781,2.67115,12.3453,-0.0750202,-0.309342,-43.462,-42.9795
7.43218,1.09905,2.69914,12.3419,-0.0709038,-0.272432,-42.5059,-42.0755
7.48218,1.08058,2.72671,12.3389,-0.067136,-0.240904,-41.5576,-41.1717
7.53218,1.0624,2.75389,12.3361,-0.0636702,-0.213873,-40.6157,-40.2682
7.58218,1.0445,2.78068,12.3336,-0.0604673,-0.19062,-39.6793,-39.3648
7.63218,1.02688,2.8071,12.3313,-0.0574944,-0.170555,-38.7474,-38.4617
7.68218,1.00954,2.83316,12.3292,-0.0547237,-0.153192,-37.8195,-37.5587
7.73218,0.992479,2.85887,12.3273,-0.0521314,-0.138134,-36.8949,-36.6559
7.78218,0.975686,2.88424,12.3255,-0.0496974,-0.125047,-35.9732,-35.7533
7.83218,0.959161,2.90927,12.3238,-0.0474044,-0.113656,-35.0539,-34.8508
7.88218,0.942901,2.93398,12.3222,-0.0452372,-0.103729,-34.1368,-33.9484
7.93218,0.926903,2.95838,12.3208,-0.0431829,-0.0950715,-33.2216,-33.0461
7.98218,0.911164,2.98246,12.3194,-0.0412302,-0.0875188,-32.3081,-32.144
8.03218,0.895679,3.00624,12.3181,-0.0393693,-0.0809323,-31.396,-31.2419
8.08218,0.880446,3.02971,12.3169,-0.0375915,-0.0751919,-30.4851,-30.34
8.13218,0.865462,3.0529,12.3157,-0.0358891,-0.070197,-29.5754,-29.4381
8.18218,0.850722,3.07579,12.3145,-0.0342553,-0.065859,-28.6667,-28.5364
8.23218,0.836225,3.0984,12.3135,-0.0326844,-0.0621034,-27.7589,-27.6347
8.28218,0.821965,3.12073,12.3124,-0.0311708,-0.0588642,-26.8519,-26.7331
8.33218,0.807941,3.14278,12.3114,-0.0297099,-0.0560854,-25.9456,-25.8316
8.38218,0.794148,3.16457,12.3105,-0.0282974,-0.0537167,-25.04,-24.9302
8.43218,0.780584,3.18608,12.3095,-0.0269295,-0.0517158,-24.1349,-24.0288
8.48218,0.767244,3.20734,12.3086,-0.0256029,-0.0500439,-23.2304,-23.1276
8.53218,0.754127,3.22834,12.3077,-0.0243144,-0.0486684,-22.3264,-22.2264
8.58218,0.741227,3.24908,12.3069,-0.0230611,-0.0475593,-21.4228,-21.3252
8.63218,0.728543,3.26957,12.306,-0.0218407,-0.0466911,-20.5197,-20.4242
8.68218,0.716071,3.28981,12.3052,-0.0206507,-0.0460402,-19.6169,-19.5232
8.73218,0.703807,3.30981,12.3043,-0.0194892,-0.0455866,-18.7144,-18.6222
8.78218,0.691748,3.32957,12.3035,-0.0183541,-0.0453116,-17.8123,-17.7214
8.83218,0.679892,3.34909,12.3027,-0.0172438,-0.0451993,-16.9104,-16.8206
8.88218,0.668235,3.36837,12.3019,-0.0161566,-0.0452347,-16.0089,-15.9198
8.93218,0.656774,3.38743,12.3011,-0.0150911,-0.0454051,-15.1075,-15.0192
8.98218,0.645506,3.40625,12.3003,-0.014046,-0.0456983,-14.2065,-14.1186
9.03218,0.634427,3.42485,12.2996,-0.0130199,-0.0461042,-13.3056,-13.218
9.08218,0.623536,3.44323,12.2988,-0.0120118,-0.0466129,-12.405,-12.3175
9.13218,0.612828,3.46139,12.298,-0.0110206,-0.047216,-11.5045,-11.4171
9.18218,0.602301,3.47933,12.2972,-0.0100454,-0.0479054,-10.6043,-10.5167
9.23218,0.591952,3.49706,12.2964,-0.00908513,-0.0486744,-9.70417,-9.61644
9.28218,0.581779,3.51458,12.2956,-0.00813907,-0.0495163,-8.80426,-8.7162
9.33218,0.571777,3.53188,12.2949,-0.00720642,-0.0504254,-7.9045,-7.81603
9.38218,0.561945,3.54899,12.2941,-0.00628646,-0.0513963,-7.00489,-6.91592
9.43218,0.55228,3.56589,12.2933,-0.00537851,-0.0524243,-6.10543,-6.01587
9.48218,0.542779,3.58258,12.2925,-0.00448195,-0.0535048,-5.20611,-5.11588
9.53218,0.533439,3.59908,12.2917,-0.00359619,-0.0546339,-4.30693,-4.21596
9.58218,0.524257,3.61539,12.2909,-0.00272068,-0.0558077,-3.40787,-3.3161
9.63218,0.515232,3.6315,12.2901,-0.00185491,-0.0570231,-2.50895,-2.41631
9.68218,0.50636,3.64742,12.2893,-0.000998411,-0.0582768,-1.61014,-1.51658
9.73218,0.497639,3.66315,12.2884,-0.000150725,-0.059566,-0.711449,-0.616917
