temperature_c,vsd_v,isd_a_per_device
25,-0.00595,0.0
25,0.02854,0.0026
25,0.06304,0.0052
25,0.09754,0.0077
25,0.13203,0.0103
25,0.16653,0.0129
25,0.20102,0.0155
25,0.23552,0.0181
25,0.27002,0.0207
25,0.30451,0.0232
25,0.33901,0.0258
25,0.37351,0.0284
25,0.408,0.031
25,0.4425,0.0336
25,0.477,0.0362
25,0.51149,0.0387
25,0.54599,0.0413
25,0.58049,0.0439
25,0.61498,0.0465
25,0.64948,0.0491
25,0.68397,0.0516
25,0.71847,0.0542
25,0.75297,0.0568
25,0.78746,0.0594
25,0.82196,0.062
25,0.85646,0.0646
25,0.89095,0.0671
25,0.92545,0.0697
25,0.95995,0.0723
25,0.99444,0.0749
25,1.02894,0.0775
25,1.06344,0.0801
25,1.09793,0.0826
25,1.13243,0.0852
25,1.16692,0.0878
25,1.20142,0.0904
25,1.23592,0.093
25,1.27041,0.0955
25,1.30491,0.0981
25,1.33941,0.1007
25,1.3739,0.1033
25,1.4084,0.1059
25,1.4429,0.1085
25,1.47739,0.111
25,1.51189,0.1136
25,1.54639,0.1162
25,1.58088,0.1188
25,1.61538,0.1214
25,1.64987,0.124
25,1.68437,0.1265
25,1.68437,0.1265
25,1.68642,0.1319
25,1.68848,0.1373
25,1.69053,0.1426
25,1.69258,0.148
25,1.69464,0.1533
25,1.69669,0.1587
25,1.69874,0.1641
25,1.7008,0.1694
25,1.70285,0.1748
25,1.7049,0.1802
25,1.70696,0.1855
25,1.70901,0.1909
25,1.71106,0.1962
25,1.71312,0.2016
25,1.71517,0.207
25,1.71722,0.2123
25,1.71928,0.2177
25,1.72133,0.2231
25,1.72338,0.2284
25,1.72544,0.2338
25,1.72749,0.2391
25,1.72954,0.2445
25,1.7316,0.2499
25,1.73365,0.2552
25,1.7357,0.2606
25,1.73776,0.266
25,1.73981,0.2713
25,1.74186,0.2767
25,1.74392,0.282
25,1.74597,0.2874
25,1.74802,0.2928
25,1.75008,0.2981
25,1.75213,0.3035
25,1.75418,0.3089
25,1.75623,0.3142
25,1.75829,0.3196
25,1.76034,0.3249
25,1.76239,0.3303
25,1.76445,0.3357
25,1.7665,0.341
25,1.76855,0.3464
25,1.77061,0.3518
25,1.77266,0.3571
25,1.77471,0.3625
25,1.77677,0.3678
25,1.77882,0.3732
25,1.78087,0.3786
25,1.78293,0.3839
25,1.78498,0.3893
25,1.78498,0.3893
25,1.78621,0.3967
25,1.78744,0.4042
25,1.78868,0.4116
25,1.78991,0.4191
25,1.79114,0.4265
25,1.79237,0.4339
25,1.79361,0.4414
25,1.79484,0.4488
25,1.79607,0.4563
25,1.7973,0.4637
25,1.79853,0.4712
25,1.79977,0.4786
25,1.801,0.486
25,1.80223,0.4935
25,1.80346,0.5009
25,1.8047,0.5084
25,1.80593,0.5158
25,1.80716,0.5232
25,1.80839,0.5307
25,1.80962,0.5381
25,1.81086,0.5456
25,1.81209,0.553
25,1.81332,0.5604
25,1.81455,0.5679
25,1.81579,0.5753
25,1.81702,0.5828
25,1.81825,0.5902
25,1.81948,0.5977
25,1.82072,0.6051
25,1.82195,0.6125
25,1.82318,0.62
25,1.82441,0.6274
25,1.82564,0.6349
25,1.82688,0.6423
25,1.82811,0.6497
25,1.82934,0.6572
25,1.83057,0.6646
25,1.83181,0.6721
25,1.83304,0.6795
25,1.83427,0.6869
25,1.8355,0.6944
25,1.83673,0.7018
25,1.83797,0.7093
25,1.8392,0.7167
25,1.84043,0.7242
25,1.84166,0.7316
25,1.8429,0.739
25,1.84413,0.7465
25,1.84536,0.7539
25,1.84536,0.7539
25,1.84589,0.7584
25,1.84643,0.763
25,1.84696,0.7676
25,1.8475,0.7722
25,1.84803,0.7769
25,1.84857,0.7815
25,1.8491,0.7862
25,1.84964,0.791
25,1.85018,0.7958
25,1.85071,0.8006
25,1.85125,0.8054
25,1.85179,0.8103
25,1.85232,0.8152
25,1.85286,0.8201
25,1.8534,0.8251
25,1.85393,0.83
25,1.85447,0.8351
25,1.85501,0.8401
25,1.85555,0.8452
25,1.85609,0.8503
25,1.85663,0.8555
25,1.85716,0.8607
25,1.8577,0.8659
25,1.85824,0.8712
25,1.85878,0.8765
25,1.85932,0.8818
25,1.85986,0.8871
25,1.8604,0.8925
25,1.86094,0.8979
25,1.86148,0.9034
25,1.86202,0.9089
25,1.86256,0.9144
25,1.8631,0.92
25,1.86364,0.9256
25,1.86418,0.9312
25,1.86473,0.9369
25,1.86527,0.9426
25,1.86581,0.9483
25,1.86635,0.9541
25,1.86689,0.9599
25,1.86743,0.9657
25,1.86798,0.9716
25,1.86852,0.9775
25,1.86906,0.9835
25,1.8696,0.9895
25,1.87015,0.9955
25,1.87069,1.0016
25,1.87123,1.0077
25,1.87178,1.0138
25,1.87232,1.02
25,1.87286,1.0262
25,1.87341,1.0324
25,1.87395,1.0387
25,1.8745,1.045
25,1.87504,1.0514
25,1.87558,1.0578
25,1.87613,1.0642
25,1.87667,1.0707
25,1.87722,1.0772
25,1.87776,1.0837
25,1.87831,1.0903
25,1.87885,1.097
25,1.8794,1.1036
25,1.87994,1.1103
25,1.88049,1.1171
25,1.88103,1.1239
25,1.88158,1.1307
25,1.88212,1.1376
25,1.88267,1.1445
25,1.88322,1.1514
25,1.88376,1.1584
25,1.88431,1.1654
25,1.88485,1.1725
25,1.8854,1.1796
25,1.88595,1.1867
25,1.88649,1.1939
25,1.88704,1.2011
25,1.88759,1.2084
25,1.88813,1.2157
25,1.88868,1.2231
25,1.88923,1.2305
25,1.88977,1.2379
25,1.89032,1.2454
25,1.89087,1.2529
25,1.89141,1.2605
25,1.89196,1.2681
25,1.89251,1.2757
25,1.89306,1.2834
25,1.8936,1.2911
25,1.89415,1.2989
25,1.8947,1.3067
25,1.89525,1.3146
25,1.89579,1.3225
25,1.89634,1.3304
25,1.89689,1.3384
25,1.89744,1.3465
25,1.89799,1.3545
25,1.89853,1.3627
25,1.89908,1.3708
25,1.89963,1.379
25,1.90018,1.3873
25,1.90073,1.3956
25,1.90127,1.4039
25,1.90182,1.4123
25,1.90237,1.4208
25,1.90292,1.4292
25,1.90347,1.4378
25,1.90401,1.4463
25,1.90456,1.455
25,1.90511,1.4636
25,1.90566,1.4723
25,1.90621,1.4811
25,1.90676,1.4899
25,1.9073,1.4987
25,1.90785,1.5076
25,1.9084,1.5166
25,1.90895,1.5256
25,1.9095,1.5346
25,1.91005,1.5437
25,1.9106,1.5528
25,1.91114,1.562
25,1.91169,1.5712
25,1.91224,1.5805
25,1.91279,1.5898
25,1.91334,1.5992
25,1.91389,1.6086
25,1.91444,1.618
25,1.91498,1.6276
25,1.91553,1.6371
25,1.91608,1.6467
25,1.91663,1.6564
25,1.91718,1.6661
25,1.91773,1.6759
25,1.91827,1.6857
25,1.91882,1.6955
25,1.91937,1.7054
25,1.91992,1.7154
25,1.92047,1.7254
25,1.92102,1.7354
25,1.92156,1.7456
25,1.92211,1.7557
25,1.92266,1.7659
25,1.92321,1.7762
25,1.92376,1.7865
25,1.9243,1.7968
25,1.92485,1.8073
25,1.9254,1.8177
25,1.92595,1.8282
25,1.92649,1.8388
25,1.92704,1.8494
25,1.92759,1.8601
25,1.92814,1.8708
25,1.92869,1.8816
25,1.92923,1.8924
25,1.92978,1.9033
25,1.93033,1.9142
25,1.93087,1.9252
25,1.93142,1.9362
25,1.93197,1.9473
25,1.93252,1.9585
25,1.93306,1.9696
25,1.93361,1.9809
25,1.93416,1.9922
25,1.9347,2.0036
25,1.93525,2.015
25,1.9358,2.0264
25,1.93634,2.0379
25,1.93689,2.0495
25,1.93744,2.0611
25,1.93798,2.0728
25,1.93853,2.0846
25,1.93907,2.0964
25,1.93962,2.1082
25,1.94017,2.1201
25,1.94071,2.1321
25,1.94126,2.1441
25,1.9418,2.1561
25,1.94235,2.1683
25,1.94289,2.1804
25,1.94344,2.1927
25,1.94398,2.205
25,1.94453,2.2173
25,1.94507,2.2297
25,1.94562,2.2422
25,1.94616,2.2547
25,1.94671,2.2673
25,1.94725,2.2799
25,1.9478,2.2926
25,1.94834,2.3053
25,1.94888,2.3181
25,1.94943,2.331
25,1.94997,2.3439
25,1.95052,2.3569
25,1.95106,2.3699
25,1.9516,2.383
25,1.95214,2.3962
25,1.95269,2.4094
25,1.95323,2.4227
25,1.95377,2.436
25,1.95432,2.4494
25,1.95486,2.4628
25,1.9554,2.4763
25,1.95594,2.4899
25,1.95648,2.5035
25,1.95703,2.5172
25,1.95757,2.5309
25,1.95811,2.5447
25,1.95865,2.5586
25,1.95919,2.5725
25,1.95973,2.5865
25,1.96027,2.6006
25,1.96081,2.6147
25,1.96135,2.6288
25,1.96189,2.6431
25,1.96243,2.6574
25,1.96297,2.6717
25,1.96351,2.6861
25,1.96405,2.7006
25,1.96459,2.7151
25,1.96513,2.7297
25,1.96567,2.7444
25,1.96621,2.7591
25,1.96675,2.7739
25,1.96729,2.7887
25,1.96782,2.8037
25,1.96836,2.8186
25,1.9689,2.8337
25,1.96944,2.8488
25,1.96997,2.8639
25,1.97051,2.8792
25,1.97105,2.8944
25,1.97158,2.9098
25,1.97212,2.9252
25,1.97266,2.9407
25,1.97319,2.9562
25,1.97373,2.9718
25,1.97426,2.9875
25,1.9748,3.0033
25,1.97534,3.0191
25,1.97587,3.0349
25,1.9764,3.0509
25,1.97694,3.0669
25,1.97747,3.0829
25,1.97801,3.099
25,1.97854,3.1152
25,1.97907,3.1315
25,1.97961,3.1478
25,1.98014,3.1642
25,1.98067,3.1807
25,1.98121,3.1972
25,1.98174,3.2138
25,1.98227,3.2304
25,1.9828,3.2472
25,1.98333,3.264
25,1.98386,3.2808
25,1.98439,3.2977
25,1.98493,3.3147
25,1.98546,3.3318
25,1.98599,3.3489
25,1.98652,3.3661
25,1.98705,3.3834
25,1.98757,3.4007
25,1.9881,3.4181
25,1.98863,3.4356
25,1.98916,3.4531
25,1.98969,3.4707
25,1.99022,3.4884
25,1.99074,3.5061
25,1.99127,3.5239
25,1.9918,3.5418
25,1.99233,3.5598
25,1.99285,3.5778
25,1.99338,3.5959
25,1.9939,3.614
25,1.99443,3.6323
25,1.99495,3.6506
25,1.99548,3.6689
25,1.996,3.6874
25,1.99653,3.7059
25,1.99705,3.7245
25,1.99758,3.7431
25,1.9981,3.7618
25,1.99862,3.7806
25,1.99915,3.7995
25,1.99967,3.8184
25,2.00019,3.8374
25,2.00071,3.8565
25,2.00123,3.8757
25,2.00176,3.8949
25,2.00228,3.9142
25,2.0028,3.9336
25,2.00332,3.953
25,2.00384,3.9725
25,2.00436,3.9921
25,2.00488,4.0118
25,2.00539,4.0315
25,2.00591,4.0513
25,2.00643,4.0712
25,2.00695,4.0911
25,2.00747,4.1111
25,2.00798,4.1312
25,2.0085,4.1514
25,2.00902,4.1717
25,2.00953,4.192
25,2.01005,4.2124
25,2.01056,4.2328
25,2.01108,4.2534
25,2.01159,4.274
25,2.01211,4.2947
25,2.01262,4.3155
25,2.01314,4.3363
25,2.01365,4.3572
25,2.01416,4.3782
25,2.01467,4.3993
25,2.01519,4.4205
25,2.0157,4.4417
25,2.01621,4.463
25,2.01672,4.4844
25,2.01723,4.5058
25,2.01774,4.5273
25,2.01825,4.5489
25,2.01876,4.5706
25,2.01927,4.5924
25,2.01978,4.6142
25,2.02028,4.6361
25,2.02079,4.6581
25,2.0213,4.6802
25,2.02181,4.7023
25,2.02231,4.7246
25,2.02282,4.7469
25,2.02333,4.7692
25,2.02383,4.7917
25,2.02434,4.8142
25,2.02484,4.8368
25,2.02534,4.8595
25,2.02585,4.8823
25,2.02635,4.9052
25,2.02685,4.9281
25,2.02736,4.9511
25,2.02786,4.9742
25,2.02836,4.9974
25,2.02886,5.0206
25,2.02936,5.0439
25,2.02986,5.0674
25,2.03036,5.0908
25,2.03086,5.1144
25,2.03136,5.1381
25,2.03186,5.1618
25,2.03236,5.1856
25,2.03285,5.2095
25,2.03335,5.2335
25,2.03385,5.2575
25,2.03434,5.2817
25,2.03484,5.3059
25,2.03534,5.3302
25,2.03583,5.3546
25,2.03633,5.379
25,2.03682,5.4036
25,2.03731,5.4282
25,2.03781,5.4529
25,2.0383,5.4777
25,2.03879,5.5026
25,2.03928,5.5275
25,2.03977,5.5526
25,2.04026,5.5777
25,2.04075,5.6029
25,2.04124,5.6282
25,2.04173,5.6536
25,2.04222,5.679
25,2.04271,5.7046
25,2.0432,5.7302
25,2.04369,5.7559
25,2.04417,5.7817
25,2.04466,5.8076
25,2.04515,5.8335
25,2.04563,5.8596
25,2.04612,5.8857
25,2.0466,5.9119
25,2.04708,5.9382
25,2.04757,5.9646
25,2.04805,5.9911
25,2.04853,6.0177
25,2.04901,6.0443
25,2.0495,6.071
25,2.04998,6.0979
25,2.05046,6.1248
25,2.05094,6.1517
25,2.05142,6.1788
25,2.05189,6.206
25,2.05237,6.2332
25,2.05285,6.2606
25,2.05333,6.288
25,2.0538,6.3155
25,2.05428,6.3431
25,2.05476,6.3708
25,2.05523,6.3986
25,2.05571,6.4264
25,2.05618,6.4544
25,2.05665,6.4824
25,2.05665,6.4824
25,2.05792,6.5637
25,2.05918,6.6454
25,2.06044,6.7275
25,2.0617,6.8099
25,2.06295,6.8926
25,2.0642,6.9757
25,2.06545,7.0592
25,2.0667,7.143
25,2.06794,7.2272
25,2.06918,7.3117
25,2.07042,7.3966
25,2.07165,7.4818
25,2.07289,7.5674
25,2.07412,7.6533
25,2.07535,7.7396
25,2.07657,7.8262
25,2.0778,7.9131
25,2.07902,8.0004
25,2.08024,8.088
25,2.08145,8.176
25,2.08267,8.2643
25,2.08388,8.3529
25,2.08509,8.4419
25,2.08629,8.5312
25,2.0875,8.6208
25,2.0887,8.7108
25,2.0899,8.8011
25,2.09109,8.8917
25,2.09229,8.9826
25,2.09348,9.0739
25,2.09467,9.1655
25,2.09586,9.2575
25,2.09704,9.3497
25,2.09822,9.4423
25,2.0994,9.5352
25,2.10058,9.6284
25,2.10175,9.7219
25,2.10293,9.8157
25,2.1041,9.9099
25,2.10527,10.0044
25,2.10643,10.0991
25,2.1076,10.1942
25,2.10876,10.2896
25,2.10992,10.3853
25,2.11107,10.4814
25,2.11223,10.5777
25,2.11338,10.6743
25,2.11453,10.7713
25,2.11568,10.8685
25,2.11682,10.966
25,2.11796,11.0639
25,2.1191,11.162
25,2.12024,11.2605
25,2.12138,11.3592
25,2.12251,11.4582
25,2.12364,11.5575
25,2.12477,11.6572
25,2.1259,11.7571
25,2.12703,11.8573
25,2.12815,11.9578
25,2.12927,12.0585
25,2.13039,12.1596
25,2.13151,12.2609
25,2.13262,12.3626
25,2.13373,12.4645
25,2.13484,12.5667
25,2.13595,12.6692
25,2.13705,12.7719
25,2.13816,12.875
25,2.13926,12.9783
25,2.14036,13.0819
25,2.14146,13.1858
25,2.14255,13.2899
25,2.14364,13.3943
25,2.14474,13.499
25,2.14582,13.6039
25,2.14691,13.7092
25,2.148,13.8147
25,2.14908,13.9204
25,2.15016,14.0264
25,2.15124,14.1327
25,2.15231,14.2393
25,2.15339,14.3461
25,2.15446,14.4531
25,2.15553,14.5605
25,2.1566,14.6681
25,2.15767,14.7759
25,2.15873,14.884
25,2.15979,14.9923
25,2.16085,15.101
25,2.16191,15.2098
25,2.16297,15.3189
25,2.16402,15.4283
25,2.16508,15.5379
25,2.16613,15.6477
25,2.16718,15.7578
25,2.16822,15.8682
25,2.16927,15.9787
25,2.17031,16.0896
25,2.17135,16.2006
25,2.17239,16.3119
25,2.17343,16.4235
25,2.17446,16.5352
25,2.1755,16.6473
25,2.17653,16.7595
25,2.17756,16.872
25,2.17859,16.9847
25,2.17961,17.0977
25,2.18064,17.2108
25,2.18166,17.3242
25,2.18268,17.4379
25,2.1837,17.5517
25,2.18472,17.6658
25,2.18573,17.7801
25,2.18674,17.8946
25,2.18776,18.0094
25,2.18877,18.1243
25,2.18977,18.2395
25,2.19078,18.3549
25,2.19178,18.4705
25,2.19279,18.5864
25,2.19379,18.7024
25,2.19479,18.8187
25,2.19578,18.9352
25,2.19678,19.0518
25,2.19777,19.1687
25,2.19877,19.2858
25,2.19976,19.4031
25,2.20075,19.5207
25,2.20173,19.6384
25,2.20272,19.7563
25,2.2037,19.8744
25,2.20468,19.9927
25,2.20566,20.1112
25,2.20664,20.23
25,2.20762,20.3489
25,2.2086,20.468
25,2.20957,20.5873
25,2.21054,20.7068
25,2.21151,20.8265
25,2.21248,20.9463
25,2.21345,21.0664
25,2.21442,21.1867
25,2.21538,21.3071
25,2.21634,21.4277
25,2.2173,21.5485
25,2.21826,21.6695
25,2.21922,21.7907
25,2.22018,21.9121
25,2.22113,22.0336
25,2.22208,22.1553
25,2.22304,22.2772
25,2.22399,22.3993
25,2.22493,22.5215
25,2.22588,22.6439
25,2.22683,22.7665
25,2.22777,22.8893
25,2.22871,23.0122
25,2.22966,23.1353
25,2.23059,23.2586
25,2.23153,23.382
25,2.23247,23.5056
25,2.2334,23.6294
25,2.23434,23.7533
25,2.23527,23.8774
25,2.2362,24.0016
25,2.23713,24.126
25,2.23806,24.2506
25,2.23899,24.3753
25,2.23991,24.5002
25,2.24083,24.6252
25,2.24176,24.7504
25,2.24268,24.8757
25,2.2436,25.0012
25,2.24452,25.1268
25,2.24543,25.2526
25,2.24635,25.3785
25,2.24726,25.5046
25,2.24817,25.6308
25,2.24909,25.7571
25,2.25,25.8836
25,2.2509,26.0103
25,2.25181,26.137
25,2.25272,26.264
25,2.25362,26.391
25,2.25453,26.5182
25,2.25543,26.6455
25,2.25633,26.773
25,2.25723,26.9006
25,2.25813,27.0283
25,2.25902,27.1561
25,2.25992,27.2841
25,2.26082,27.4122
25,2.26171,27.5404
25,2.2626,27.6688
25,2.26349,27.7973
25,2.26438,27.9259
25,2.26527,28.0546
25,2.26616,28.1834
25,2.26704,28.3124
25,2.26793,28.4415
25,2.26881,28.5706
25,2.26969,28.7
25,2.27058,28.8294
25,2.27146,28.9589
25,2.27233,29.0885
25,2.27321,29.2183
25,2.27409,29.3482
25,2.27496,29.4781
25,2.27584,29.6082
25,2.27671,29.7384
25,2.27758,29.8687
25,2.27846,29.9991
25,2.27933,30.1295
25,2.28019,30.2601
25,2.28106,30.3908
25,2.28193,30.5216
25,2.2828,30.6525
25,2.28366,30.7835
25,2.28452,30.9145
25,2.28539,31.0457
25,2.28625,31.177
25,2.28711,31.3083
25,2.28797,31.4397
25,2.28883,31.5713
25,2.28968,31.7029
25,2.29054,31.8346
25,2.29139,31.9664
25,2.29225,32.0982
25,2.2931,32.2302
25,2.29395,32.3622
25,2.29481,32.4943
25,2.29566,32.6265
25,2.29651,32.7587
25,2.29735,32.8911
25,2.2982,33.0235
25,2.29905,33.156
25,2.29989,33.2885
25,2.30074,33.4212
25,2.30158,33.5539
25,2.30243,33.6866
25,2.30327,33.8195
25,2.30411,33.9524
25,2.30495,34.0853
25,2.30579,34.2183
25,2.30663,34.3514
25,2.30746,34.4846
25,2.3083,34.6178
25,2.30914,34.7511
25,2.30997,34.8844
25,2.31081,35.0178
25,2.31164,35.1512
25,2.31247,35.2847
25,2.3133,35.4183
25,2.31413,35.5518
25,2.31497,35.6855
25,2.31579,35.8192
25,2.31662,35.9529
25,2.31745,36.0867
25,2.31828,36.2206
25,2.3191,36.3544
25,2.31993,36.4884
25,2.32075,36.6223
25,2.32158,36.7563
25,2.3224,36.8904
25,2.32322,37.0244
25,2.32405,37.1586
25,2.32487,37.2927
25,2.32569,37.4269
25,2.32651,37.5611
25,2.32733,37.6954
25,2.32814,37.8297
25,2.32896,37.964
25,2.32978,38.0983
25,2.33059,38.2327
25,2.33141,38.3671
25,2.33222,38.5015
25,2.33304,38.6359
25,2.33385,38.7704
25,2.33467,38.9049
25,2.33548,39.0394
25,2.33629,39.1739
25,2.3371,39.3084
25,2.33791,39.443
25,2.33872,39.5776
25,2.33953,39.7122
25,2.34034,39.8467
25,2.34115,39.9814
25,2.34195,40.116
25,2.34276,40.2506
25,2.34357,40.3852
25,2.34437,40.5199
25,2.34518,40.6545
25,2.34598,40.7892
25,2.34679,40.9238
25,2.34759,41.0585
25,2.3484,41.1931
25,2.3492,41.3278
25,2.35,41.4624
25,2.3508,41.5971
25,2.3516,41.7317
25,2.3524,41.8663
25,2.3532,42.001
25,2.354,42.1356
25,2.3548,42.2702
25,2.3556,42.4048
25,2.3564,42.5394
25,2.3572,42.6739
25,2.358,42.8085
25,2.35879,42.943
25,2.35959,43.0776
25,2.36039,43.2121
25,2.36118,43.3466
25,2.36198,43.481
25,2.36277,43.6155
25,2.36357,43.7499
25,2.36436,43.8843
25,2.36516,44.0187
25,2.36595,44.153
25,2.36674,44.2873
25,2.36754,44.4216
25,2.36833,44.5559
25,2.36912,44.6901
25,2.36991,44.8243
25,2.37071,44.9585
25,2.3715,45.0926
25,2.37229,45.2267
25,2.37308,45.3607
25,2.37387,45.4947
25,2.37466,45.6287
25,2.37545,45.7626
25,2.37624,45.8965
25,2.37703,46.0304
25,2.37782,46.1642
25,2.37861,46.2979
25,2.3794,46.4316
25,2.38018,46.5653
25,2.38097,46.6989
25,2.38176,46.8324
25,2.38255,46.9659
25,2.38334,47.0994
25,2.38412,47.2328
25,2.38491,47.3661
25,2.3857,47.4994
25,2.38648,47.6326
25,2.38727,47.7658
25,2.38806,47.8989
25,2.38884,48.0319
25,2.38963,48.1649
25,2.39042,48.2978
25,2.3912,48.4306
25,2.39199,48.5634
25,2.39277,48.6961
25,2.39356,48.8288
25,2.39435,48.9613
25,2.39513,49.0938
25,2.39592,49.2263
25,2.3967,49.3586
25,2.39749,49.4909
25,2.39827,49.6231
25,2.39906,49.7552
25,2.39984,49.8872
25,2.40063,50.0192
25,2.40141,50.1511
25,2.4022,50.2829
25,2.40298,50.4146
25,2.40377,50.5462
25,2.40455,50.6778
25,2.40534,50.8092
25,2.40612,50.9406
25,2.40691,51.0719
25,2.40769,51.203
25,2.40847,51.3341
25,2.40926,51.4651
25,2.41004,51.596
25,2.41083,51.7268
25,2.41161,51.8575
25,2.4124,51.9881
25,2.41318,52.1186
25,2.41397,52.249
25,2.41476,52.3793
25,2.41554,52.5095
25,2.41633,52.6396
25,2.41711,52.7696
25,2.4179,52.8995
25,2.41868,53.0293
25,2.41947,53.159
25,2.42026,53.2885
25,2.42104,53.4179
25,2.42183,53.5473
25,2.42261,53.6765
25,2.4234,53.8056
25,2.42419,53.9346
25,2.42497,54.0634
25,2.42576,54.1922
25,2.42655,54.3208
25,2.42734,54.4493
25,2.42812,54.5777
25,2.42891,54.7059
25,2.42891,54.7059
25,2.43365,55.5539
25,2.43839,56.4022
25,2.44312,57.2508
25,2.44785,58.0996
25,2.45258,58.9487
25,2.45731,59.7981
25,2.46203,60.6478
25,2.46675,61.4977
25,2.47146,62.3478
25,2.47618,63.1983
25,2.48089,64.049
25,2.4856,64.8999
25,2.4903,65.7512
25,2.495,66.6027
25,2.4997,67.4544
25,2.5044,68.3064
25,2.50909,69.1587
25,2.51378,70.0112
25,2.51847,70.864
25,2.52315,71.7171
25,2.52783,72.5704
25,2.53251,73.424
25,2.53719,74.2778
25,2.54186,75.1318
25,2.54653,75.9862
25,2.5512,76.8408
25,2.55586,77.6956
25,2.56052,78.5507
25,2.56518,79.406
25,2.56984,80.2616
25,2.57449,81.1175
25,2.57914,81.9735
25,2.58379,82.8299
25,2.58843,83.6865
25,2.59307,84.5433
25,2.59771,85.4004
25,2.60235,86.2577
25,2.60698,87.1153
25,2.61161,87.9731
25,2.61624,88.8312
25,2.62086,89.6895
25,2.62549,90.548
25,2.6301,91.4068
25,2.63472,92.2658
25,2.63933,93.1251
25,2.64394,93.9846
25,2.64855,94.8444
25,2.65316,95.7044
25,2.65776,96.5646
25,2.66236,97.425
25,2.66695,98.2857
25,2.67155,99.1467
25,2.67614,100.0078
25,2.68073,100.8692
25,2.68531,101.7309
25,2.68989,102.5928
25,2.69447,103.4549
25,2.69905,104.3172
25,2.70362,105.1797
25,2.7082,106.0425
25,2.71276,106.9056
25,2.71733,107.7688
25,2.72189,108.6323
25,2.72645,109.496
25,2.73101,110.3599
25,2.73557,111.2241
25,2.74012,112.0884
25,2.74467,112.9531
25,2.74921,113.8179
25,2.75376,114.6829
25,2.7583,115.5482
25,2.76284,116.4137
25,2.76737,117.2794
25,2.7719,118.1453
25,2.77643,119.0115
25,2.78096,119.8779
25,2.78549,120.7445
25,2.79001,121.6113
25,2.79453,122.4783
25,2.79904,123.3455
25,2.80356,124.213
25,2.80807,125.0806
25,2.81258,125.9485
25,2.81708,126.8166
25,2.82159,127.6849
25,2.82609,128.5534
25,2.83058,129.4222
25,2.83508,130.2911
25,2.83957,131.1603
25,2.84406,132.0296
25,2.84855,132.8992
25,2.85303,133.769
25,2.85751,134.6389
25,2.86199,135.5091
25,2.86647,136.3795
25,2.87094,137.2501
25,2.87541,138.1209
25,2.87988,138.9919
25,2.88435,139.8631
25,2.88881,140.7345
25,2.89327,141.6061
25,2.89773,142.4779
25,2.90218,143.3499
25,2.90664,144.2221
25,2.91109,145.0945
25,2.91553,145.9671
25,2.91998,146.8399
25,2.92442,147.7129
25,2.92886,148.5861
25,2.93329,149.4595
25,2.93773,150.333
25,2.94216,151.2068
25,2.94659,152.0808
25,2.95101,152.9549
25,2.95544,153.8293
25,2.95986,154.7038
25,2.96428,155.5785
25,2.96869,156.4534
25,2.97311,157.3285
25,2.97752,158.2038
25,2.98192,159.0793
25,2.98633,159.9549
25,2.99073,160.8308
25,2.99513,161.7068
25,2.99953,162.583
25,3.00392,163.4594
25,3.00832,164.336
25,3.01271,165.2128
25,3.01709,166.0897
25,3.02148,166.9668
25,3.02586,167.8441
25,3.03024,168.7216
25,3.03462,169.5993
25,3.03899,170.4771
25,3.04336,171.3551
25,3.04773,172.2333
25,3.0521,173.1117
25,3.05646,173.9902
25,3.06082,174.8689
25,3.06518,175.7478
25,3.06954,176.6269
25,3.07389,177.5061
25,3.07825,178.3855
25,3.0826,179.2651
25,3.08694,180.1448
25,3.09129,181.0247
25,3.09563,181.9048
25,3.09997,182.785
25,3.1043,183.6655
25,3.10864,184.546
25,3.11297,185.4268
25,3.1173,186.3077
25,3.12162,187.1888
25,3.12595,188.07
25,3.13027,188.9514
25,3.13459,189.833
25,3.1389,190.7147
25,3.14322,191.5966
25,3.14753,192.4786
25,3.15184,193.3608
25,3.15614,194.2432
25,3.16045,195.1257
25,3.16475,196.0084
25,3.16905,196.8912
25,3.17335,197.7742
25,3.17764,198.6574
25,3.18193,199.5407
25,3.18622,200.4241
25,3.19051,201.3077
25,3.19479,202.1915
25,3.19907,203.0754
25,3.20335,203.9595
25,3.20763,204.8437
25,3.21191,205.728
25,3.21618,206.6125
25,3.22045,207.4972
25,3.22472,208.382
25,3.22898,209.2669
25,3.23324,210.152
25,3.2375,211.0373
25,3.24176,211.9227
25,3.24602,212.8082
25,3.25027,213.6939
25,3.25452,214.5797
25,3.25877,215.4656
25,3.26301,216.3517
25,3.26726,217.238
25,3.2715,218.1243
25,3.27573,219.0108
25,3.27997,219.8975
25,3.2842,220.7843
25,3.28844,221.6712
25,3.29266,222.5583
25,3.29689,223.4455
25,3.30111,224.3328
25,3.30534,225.2203
25,3.30956,226.1079
25,3.31377,226.9956
25,3.31799,227.8835
25,3.3222,228.7715
25,3.32641,229.6596
25,3.33062,230.5478
25,3.33482,231.4362
25,3.33902,232.3247
25,3.34323,233.2134
25,3.34742,234.1021
25,3.35162,234.991
25,3.35581,235.88
25,3.36,236.7692
25,3.36419,237.6584
25,3.36838,238.5478
25,3.37256,239.4373
25,3.37675,240.327
25,3.38092,241.2167
25,3.3851,242.1066
25,3.38928,242.9966
25,3.39345,243.8867
25,3.39762,244.7769
25,3.40179,245.6673
25,3.40595,246.5577
25,3.41012,247.4483
25,3.41428,248.339
25,3.41844,249.2298
25,3.42259,250.1208
25,3.42675,251.0118
25,3.4309,251.903
25,3.43505,252.7942
25,3.4392,253.6856
25,3.44334,254.5771
25,3.44748,255.4687
25,3.45162,256.3604
25,3.45576,257.2522
25,3.4599,258.1441
25,3.46403,259.0361
25,3.46816,259.9283
25,3.47229,260.8205
25,3.47642,261.7128
25,3.48054,262.6053
25,3.48467,263.4978
25,3.48879,264.3905
25,3.4929,265.2833
25,3.49702,266.1761
25,3.50113,267.0691
25,3.50524,267.9621
25,3.50935,268.8553
25,3.51346,269.7485
25,3.51756,270.6419
25,3.52167,271.5353
25,3.52577,272.4289
25,3.52986,273.3225
25,3.53396,274.2163
25,3.53805,275.1101
25,3.54214,276.004
25,3.54623,276.898
25,3.55032,277.7921
25,3.5544,278.6864
25,3.55849,279.5806
25,3.56257,280.475
25,3.56665,281.3695
25,3.57072,282.2641
25,3.57479,283.1587
25,3.57887,284.0534
25,3.58294,284.9483
25,3.587,285.8432
25,3.59107,286.7382
25,3.59513,287.6332
25,3.59919,288.5284
25,3.60325,289.4236
25,3.60731,290.319
25,3.61136,291.2144
25,3.61541,292.1099
25,3.61946,293.0054
25,3.62351,293.9011
25,3.62755,294.7968
25,3.6316,295.6926
25,3.63564,296.5885
25,3.63968,297.4845
25,3.64372,298.3805
25,3.64775,299.2766
25,3.65178,300.1728
25,3.65581,301.069
25,3.65984,301.9654
25,3.66387,302.8618
25,3.66789,303.7583
25,3.67191,304.6548
25,3.67593,305.5514
25,3.67995,306.4481
25,3.68397,307.3449
25,3.68798,308.2417
25,3.69199,309.1386
25,3.696,310.0355
25,3.70001,310.9326
25,3.70402,311.8296
25,3.70802,312.7268
25,3.71202,313.624
25,3.71602,314.5213
25,3.72002,315.4186
25,3.72401,316.316
25,3.728,317.2135
25,3.73199,318.111
25,3.73598,319.0086
25,3.73997,319.9063
25,3.74395,320.804
25,3.74794,321.7017
25,3.75192,322.5995
25,3.7559,323.4974
25,3.75987,324.3954
25,3.76385,325.2933
25,3.76782,326.1914
25,3.77179,327.0895
25,3.77576,327.9876
25,3.77972,328.8858
25,3.78369,329.7841
25,3.78765,330.6824
25,3.79161,331.5807
25,3.79557,332.4791
25,3.79952,333.3775
25,3.80348,334.276
25,3.80743,335.1746
25,3.81138,336.0732
25,3.81533,336.9718
25,3.81927,337.8705
25,3.82322,338.7692
25,3.82716,339.668
25,3.8311,340.5668
25,3.83504,341.4656
25,3.83897,342.3645
25,3.84291,343.2634
25,3.84684,344.1624
25,3.85077,345.0614
25,3.8547,345.9605
25,3.85862,346.8595
25,3.86255,347.7587
25,3.86647,348.6578
25,3.87039,349.557
25,3.87431,350.4563
25,3.87822,351.3555
25,3.88214,352.2548
25,3.88605,353.1542
25,3.88996,354.0535
25,3.89387,354.9529
25,3.89777,355.8523
25,3.90168,356.7518
25,3.90558,357.6513
25,3.90948,358.5508
25,3.91338,359.4503
25,3.91728,360.3499
25,3.92117,361.2495
25,3.92506,362.1491
25,3.92895,363.0488
25,3.93284,363.9484
25,3.93673,364.8481
25,3.94062,365.7478
25,3.9445,366.6476
25,3.94838,367.5473
25,3.95226,368.4471
25,3.95614,369.3469
25,3.96001,370.2468
25,3.96389,371.1466
25,3.96776,372.0464
25,3.97163,372.9463
25,3.9755,373.8462
25,3.97936,374.7461
25,3.98323,375.6461
25,3.98709,376.546
25,3.99095,377.4459
25,3.99481,378.3459
25,3.99866,379.2459
25,4.00252,380.1459
25,4.00637,381.0459
25,4.01022,381.9459
25,4.01407,382.8459
25,4.01792,383.7459
25,4.02177,384.646
25,4.02561,385.546
25,4.02945,386.4461
25,4.03329,387.3461
25,4.03713,388.2462
25,4.04097,389.1463
25,4.0448,390.0463
25,4.04863,390.9464
25,4.05246,391.8465
25,4.05629,392.7466
25,4.06012,393.6466
25,4.06395,394.5467
25,4.06777,395.4468
25,4.07159,396.3469
25,4.07541,397.2469
25,4.07923,398.147
25,4.08305,399.0471
25,4.08686,399.9472
25,4.09067,400.8472
25,4.09448,401.7473
25,4.09829,402.6473
25,4.1021,403.5474
25,4.1059,404.4474
25,4.10971,405.3475
25,4.11351,406.2475
25,4.11731,407.1475
125,-0.00595,0.0
125,-0.00514,0.001
125,-0.00427,0.002
125,-0.00334,0.0029
125,-0.00236,0.0038
125,-0.00133,0.0047
125,-0.00024,0.0056
125,0.0009,0.0064
125,0.00209,0.0073
125,0.00334,0.0081
125,0.00464,0.0088
125,0.00599,0.0096
125,0.00739,0.0103
125,0.00885,0.011
125,0.01036,0.0117
125,0.01191,0.0124
125,0.01352,0.013
125,0.01518,0.0136
125,0.01689,0.0142
125,0.01865,0.0148
125,0.02046,0.0153
125,0.02232,0.0159
125,0.02423,0.0164
125,0.02618,0.0169
125,0.02819,0.0174
125,0.03024,0.0178
125,0.03234,0.0182
125,0.03449,0.0186
125,0.03669,0.019
125,0.03894,0.0194
125,0.04123,0.0198
125,0.04357,0.0201
125,0.04595,0.0204
125,0.04838,0.0207
125,0.05086,0.021
125,0.05338,0.0213
125,0.05595,0.0215
125,0.05856,0.0217
125,0.06122,0.0219
125,0.06392,0.0221
125,0.06666,0.0223
125,0.06945,0.0225
125,0.07228,0.0226
125,0.07516,0.0228
125,0.07808,0.0229
125,0.08104,0.023
125,0.08405,0.0231
125,0.08709,0.0231
125,0.09018,0.0232
125,0.09331,0.0232
125,0.09648,0.0232
125,0.0997,0.0233
125,0.10295,0.0233
125,0.10624,0.0233
125,0.10958,0.0233
125,0.11295,0.0233
125,0.11636,0.0233
125,0.11982,0.0233
125,0.12331,0.0233
125,0.12684,0.0233
125,0.13041,0.0233
125,0.13402,0.0233
125,0.13766,0.0233
125,0.14135,0.0233
125,0.14507,0.0233
125,0.14883,0.0233
125,0.15262,0.0233
125,0.15645,0.0233
125,0.16032,0.0233
125,0.16422,0.0233
125,0.16816,0.0233
125,0.17214,0.0233
125,0.17615,0.0233
125,0.18019,0.0233
125,0.18427,0.0233
125,0.18839,0.0233
125,0.19253,0.0233
125,0.19672,0.0233
125,0.20093,0.0233
125,0.20518,0.0233
125,0.20946,0.0233
125,0.21377,0.0233
125,0.21812,0.0233
125,0.2225,0.0233
125,0.22691,0.0233
125,0.23135,0.0233
125,0.23582,0.0233
125,0.24033,0.0233
125,0.24486,0.0233
125,0.24943,0.0233
125,0.25402,0.0233
125,0.25865,0.0233
125,0.2633,0.0233
125,0.26799,0.0233
125,0.2727,0.0233
125,0.27744,0.0233
125,0.28221,0.0233
125,0.28701,0.0233
125,0.29184,0.0233
125,0.29669,0.0233
125,0.30157,0.0233
125,0.30648,0.0233
125,0.31141,0.0233
125,0.31638,0.0233
125,0.32136,0.0233
125,0.32638,0.0233
125,0.33142,0.0233
125,0.33648,0.0233
125,0.34157,0.0233
125,0.34668,0.0233
125,0.35182,0.0233
125,0.35699,0.0233
125,0.36217,0.0233
125,0.36738,0.0233
125,0.37262,0.0233
125,0.37787,0.0233
125,0.38315,0.0233
125,0.38846,0.0233
125,0.39378,0.0233
125,0.39913,0.0233
125,0.4045,0.0233
125,0.40989,0.0233
125,0.4153,0.0233
125,0.42073,0.0233
125,0.42618,0.0233
125,0.43166,0.0233
125,0.43715,0.0233
125,0.44266,0.0233
125,0.44819,0.0233
125,0.45375,0.0233
125,0.45932,0.0233
125,0.4649,0.0233
125,0.47051,0.0233
125,0.47614,0.0233
125,0.48178,0.0233
125,0.48744,0.0233
125,0.49312,0.0233
125,0.49881,0.0233
125,0.50453,0.0233
125,0.51025,0.0233
125,0.516,0.0233
125,0.52176,0.0233
125,0.52753,0.0233
125,0.53332,0.0233
125,0.53913,0.0233
125,0.54495,0.0233
125,0.55078,0.0233
125,0.55663,0.0233
125,0.56249,0.0233
125,0.56837,0.0233
125,0.57426,0.0233
125,0.58016,0.0233
125,0.58608,0.0233
125,0.59201,0.0233
125,0.59795,0.0233
125,0.6039,0.0233
125,0.60986,0.0233
125,0.61584,0.0233
125,0.62182,0.0233
125,0.62782,0.0233
125,0.63383,0.0233
125,0.63984,0.0233
125,0.64587,0.0233
125,0.65191,0.0233
125,0.65795,0.0233
125,0.66401,0.0233
125,0.67007,0.0233
125,0.67615,0.0233
125,0.68223,0.0233
125,0.68832,0.0233
125,0.69441,0.0233
125,0.70052,0.0233
125,0.70663,0.0233
125,0.71275,0.0233
125,0.71887,0.0233
125,0.725,0.0233
125,0.73114,0.0233
125,0.73728,0.0233
125,0.74343,0.0233
125,0.74959,0.0233
125,0.75574,0.0233
125,0.76191,0.0233
125,0.76807,0.0233
125,0.77424,0.0233
125,0.78042,0.0233
125,0.7866,0.0233
125,0.79278,0.0233
125,0.79896,0.0233
125,0.80515,0.0233
125,0.81134,0.0233
125,0.81753,0.0233
125,0.82373,0.0233
125,0.82992,0.0233
125,0.83612,0.0233
125,0.84232,0.0233
125,0.84851,0.0233
125,0.85471,0.0233
125,0.86091,0.0233
125,0.86711,0.0233
125,0.87331,0.0233
125,0.8795,0.0233
125,0.8857,0.0233
125,0.8919,0.0233
125,0.89809,0.0233
125,0.90428,0.0233
125,0.91047,0.0233
125,0.91666,0.0233
125,0.92284,0.0233
125,0.92902,0.0233
125,0.9352,0.0233
125,0.94138,0.0233
125,0.94755,0.0233
125,0.95371,0.0233
125,0.95987,0.0233
125,0.96603,0.0233
125,0.97219,0.0233
125,0.97833,0.0233
125,0.98448,0.0233
125,0.99061,0.0233
125,0.99674,0.0233
125,1.00287,0.0233
125,1.00898,0.0233
125,1.01509,0.0233
125,1.0212,0.0233
125,1.02729,0.0233
125,1.03338,0.0233
125,1.03946,0.0233
125,1.04553,0.0233
125,1.0516,0.0233
125,1.05765,0.0233
125,1.0637,0.0233
125,1.06973,0.0235
125,1.07576,0.0247
125,1.08177,0.026
125,1.08778,0.0273
125,1.09378,0.0286
125,1.09976,0.03
125,1.10573,0.0314
125,1.1117,0.0328
125,1.11765,0.0343
125,1.12358,0.0357
125,1.12951,0.0373
125,1.13543,0.0388
125,1.14133,0.0404
125,1.14721,0.042
125,1.15309,0.0436
125,1.15895,0.0452
125,1.1648,0.0469
125,1.17063,0.0487
125,1.17645,0.0504
125,1.18225,0.0522
125,1.18804,0.054
125,1.19382,0.0559
125,1.19957,0.0578
125,1.20532,0.0597
125,1.21104,0.0616
125,1.21675,0.0636
125,1.22244,0.0656
125,1.22812,0.0677
125,1.23378,0.0697
125,1.23942,0.0719
125,1.24504,0.074
125,1.25065,0.0762
125,1.25623,0.0784
125,1.2618,0.0807
125,1.26735,0.0829
125,1.27288,0.0853
125,1.27839,0.0876
125,1.28388,0.09
125,1.28935,0.0924
125,1.2948,0.0949
125,1.30023,0.0974
125,1.30564,0.1
125,1.31103,0.1025
125,1.31639,0.1052
125,1.32174,0.1078
125,1.32706,0.1105
125,1.33236,0.1132
125,1.33764,0.116
125,1.34289,0.1188
125,1.34812,0.1216
125,1.35333,0.1245
125,1.35852,0.1274
125,1.36368,0.1304
125,1.36881,0.1334
125,1.37392,0.1364
125,1.37901,0.1395
125,1.38407,0.1426
125,1.38911,0.1458
125,1.39412,0.149
125,1.3991,0.1522
125,1.40406,0.1555
125,1.40899,0.1588
125,1.4139,0.1622
125,1.41877,0.1656
125,1.42363,0.169
125,1.42845,0.1725
125,1.43324,0.1761
125,1.43801,0.1796
125,1.44275,0.1832
125,1.44746,0.1869
125,1.45214,0.1906
125,1.45679,0.1944
125,1.46141,0.1981
125,1.466,0.202
125,1.47056,0.2059
125,1.47509,0.2098
125,1.4796,0.2138
125,1.48406,0.2178
125,1.4885,0.2218
125,1.49291,0.2259
125,1.49728,0.2301
125,1.50163,0.2343
125,1.50594,0.2385
125,1.51021,0.2428
125,1.51446,0.2471
125,1.51867,0.2515
125,1.52285,0.256
125,1.52699,0.2604
125,1.5311,0.265
125,1.53518,0.2695
125,1.53922,0.2741
125,1.54322,0.2788
125,1.54719,0.2835
125,1.55113,0.2883
125,1.55503,0.2931
125,1.55889,0.298
125,1.56272,0.3029
125,1.56651,0.3078
125,1.57026,0.3128
125,1.57398,0.3179
125,1.57766,0.323
125,1.5813,0.3282
125,1.5849,0.3334
125,1.58847,0.3387
125,1.59199,0.344
125,1.59548,0.3493
125,1.59893,0.3548
125,1.60234,0.3602
125,1.60571,0.3657
125,1.60904,0.3713
125,1.61233,0.3769
125,1.61557,0.3826
125,1.61878,0.3884
125,1.62195,0.3941
125,1.62507,0.4
125,1.62816,0.4059
125,1.6312,0.4118
125,1.6342,0.4178
125,1.63716,0.4239
125,1.64007,0.43
125,1.64294,0.4361
125,1.64577,0.4424
125,1.64855,0.4486
125,1.65129,0.455
125,1.65399,0.4614
125,1.65664,0.4678
125,1.65925,0.4743
125,1.66181,0.4808
125,1.66433,0.4875
125,1.6668,0.4941
125,1.66922,0.5009
125,1.6716,0.5076
125,1.67393,0.5145
125,1.67622,0.5214
125,1.67846,0.5283
125,1.68065,0.5353
125,1.68279,0.5424
125,1.68489,0.5495
125,1.68694,0.5567
125,1.68894,0.564
125,1.69089,0.5713
125,1.69279,0.5787
125,1.69464,0.5861
125,1.69645,0.5936
125,1.6982,0.6011
125,1.69991,0.6087
125,1.70156,0.6164
125,1.70316,0.6241
125,1.70471,0.6319
125,1.70621,0.6398
125,1.70766,0.6477
125,1.70906,0.6557
125,1.7104,0.6637
125,1.7117,0.6718
125,1.71294,0.68
125,1.71413,0.6882
125,1.71526,0.6965
125,1.71634,0.7049
125,1.71737,0.7133
125,1.71834,0.7218
125,1.71926,0.7303
125,1.72012,0.7389
125,1.72093,0.7476
125,1.72169,0.7563
125,1.72239,0.7651
125,1.72303,0.774
125,1.72362,0.7829
125,1.72415,0.7919
125,1.72462,0.801
125,1.72462,0.801
125,1.72518,0.8058
125,1.72574,0.8106
125,1.7263,0.8155
125,1.72686,0.8204
125,1.72742,0.8253
125,1.72798,0.8303
125,1.72854,0.8353
125,1.7291,0.8404
125,1.72966,0.8454
125,1.73022,0.8506
125,1.73079,0.8557
125,1.73135,0.8609
125,1.73191,0.8662
125,1.73247,0.8714
125,1.73303,0.8767
125,1.73359,0.8821
125,1.73416,0.8875
125,1.73472,0.8929
125,1.73528,0.8984
125,1.73585,0.9039
125,1.73641,0.9094
125,1.73697,0.915
125,1.73754,0.9206
125,1.7381,0.9263
125,1.73866,0.932
125,1.73923,0.9377
125,1.73979,0.9435
125,1.74035,0.9493
125,1.74092,0.9551
125,1.74148,0.961
125,1.74205,0.967
125,1.74261,0.9729
125,1.74318,0.9789
125,1.74374,0.985
125,1.74431,0.9911
125,1.74487,0.9972
125,1.74544,1.0034
125,1.74601,1.0096
125,1.74657,1.0158
125,1.74714,1.0221
125,1.7477,1.0285
125,1.74827,1.0348
125,1.74884,1.0412
125,1.7494,1.0477
125,1.74997,1.0542
125,1.75054,1.0607
125,1.75111,1.0673
125,1.75167,1.0739
125,1.75224,1.0806
125,1.75281,1.0873
125,1.75338,1.094
125,1.75394,1.1008
125,1.75451,1.1076
125,1.75508,1.1145
125,1.75565,1.1214
125,1.75622,1.1283
125,1.75678,1.1353
125,1.75735,1.1424
125,1.75792,1.1494
125,1.75849,1.1565
125,1.75906,1.1637
125,1.75963,1.1709
125,1.7602,1.1782
125,1.76076,1.1854
125,1.76133,1.1928
125,1.7619,1.2001
125,1.76247,1.2076
125,1.76304,1.215
125,1.76361,1.2225
125,1.76418,1.2301
125,1.76475,1.2377
125,1.76532,1.2453
125,1.76589,1.253
125,1.76646,1.2607
125,1.76703,1.2685
125,1.7676,1.2763
125,1.76817,1.2841
125,1.76874,1.292
125,1.76931,1.2999
125,1.76988,1.3079
125,1.77045,1.316
125,1.77102,1.324
125,1.77159,1.3321
125,1.77217,1.3403
125,1.77274,1.3485
125,1.77331,1.3568
125,1.77388,1.3651
125,1.77445,1.3734
125,1.77502,1.3818
125,1.77559,1.3902
125,1.77616,1.3987
125,1.77673,1.4072
125,1.77731,1.4158
125,1.77788,1.4244
125,1.77845,1.4331
125,1.77902,1.4418
125,1.77959,1.4505
125,1.78016,1.4593
125,1.78073,1.4682
125,1.78131,1.4771
125,1.78188,1.486
125,1.78245,1.495
125,1.78302,1.504
125,1.78359,1.5131
125,1.78416,1.5222
125,1.78474,1.5314
125,1.78531,1.5406
125,1.78588,1.5499
125,1.78645,1.5592
125,1.78702,1.5685
125,1.7876,1.5779
125,1.78817,1.5874
125,1.78874,1.5969
125,1.78931,1.6064
125,1.78988,1.616
125,1.79045,1.6257
125,1.79103,1.6354
125,1.7916,1.6451
125,1.79217,1.6549
125,1.79274,1.6647
125,1.79331,1.6746
125,1.79389,1.6846
125,1.79446,1.6945
125,1.79503,1.7046
125,1.7956,1.7146
125,1.79617,1.7248
125,1.79675,1.7349
125,1.79732,1.7452
125,1.79789,1.7554
125,1.79846,1.7658
125,1.79903,1.7761
125,1.79961,1.7866
125,1.80018,1.797
125,1.80075,1.8076
125,1.80132,1.8181
125,1.80189,1.8288
125,1.80247,1.8394
125,1.80304,1.8502
125,1.80361,1.8609
125,1.80418,1.8717
125,1.80475,1.8826
125,1.80532,1.8935
125,1.8059,1.9045
125,1.80647,1.9155
125,1.80704,1.9266
125,1.80761,1.9377
125,1.80818,1.9489
125,1.80875,1.9601
125,1.80932,1.9714
125,1.8099,1.9828
125,1.81047,1.9941
125,1.81104,2.0056
125,1.81161,2.017
125,1.81218,2.0286
125,1.81275,2.0402
125,1.81332,2.0518
125,1.81389,2.0635
125,1.81446,2.0752
125,1.81503,2.087
125,1.81561,2.0989
125,1.81618,2.1108
125,1.81675,2.1227
125,1.81732,2.1347
125,1.81789,2.1468
125,1.81846,2.1589
125,1.81903,2.1711
125,1.8196,2.1833
125,1.82017,2.1956
125,1.82074,2.2079
125,1.82131,2.2203
125,1.82188,2.2327
125,1.82245,2.2452
125,1.82302,2.2577
125,1.82359,2.2703
125,1.82416,2.2829
125,1.82473,2.2956
125,1.82529,2.3084
125,1.82586,2.3212
125,1.82643,2.334
125,1.827,2.347
125,1.82757,2.3599
125,1.82814,2.3729
125,1.82871,2.386
125,1.82928,2.3991
125,1.82985,2.4123
125,1.83041,2.4256
125,1.83098,2.4389
125,1.83155,2.4522
125,1.83212,2.4656
125,1.83269,2.4791
125,1.83325,2.4926
125,1.83382,2.5062
125,1.83439,2.5198
125,1.83496,2.5335
125,1.83552,2.5472
125,1.83609,2.561
125,1.83666,2.5748
125,1.83722,2.5888
125,1.83779,2.6027
125,1.83836,2.6167
125,1.83892,2.6308
125,1.83949,2.6449
125,1.84006,2.6591
125,1.84062,2.6734
125,1.84119,2.6877
125,1.84175,2.702
125,1.84232,2.7164
125,1.84288,2.7309
125,1.84345,2.7454
125,1.84401,2.76
125,1.84458,2.7747
125,1.84514,2.7894
125,1.84571,2.8041
125,1.84627,2.8189
125,1.84684,2.8338
125,1.8474,2.8487
125,1.84796,2.8637
125,1.84853,2.8788
125,1.84909,2.8939
125,1.84966,2.909
125,1.85022,2.9242
125,1.85078,2.9395
125,1.85134,2.9549
125,1.85191,2.9702
125,1.85247,2.9857
125,1.85303,3.0012
125,1.85359,3.0168
125,1.85416,3.0324
125,1.85472,3.0481
125,1.85528,3.0639
125,1.85584,3.0797
125,1.8564,3.0955
125,1.85696,3.1115
125,1.85752,3.1274
125,1.85808,3.1435
125,1.85864,3.1596
125,1.8592,3.1758
125,1.85976,3.192
125,1.86032,3.2083
125,1.86088,3.2246
125,1.86144,3.241
125,1.862,3.2575
125,1.86256,3.274
125,1.86312,3.2906
125,1.86368,3.3072
125,1.86424,3.3239
125,1.86479,3.3407
125,1.86535,3.3575
125,1.86591,3.3744
125,1.86647,3.3914
125,1.86702,3.4084
125,1.86758,3.4255
125,1.86814,3.4426
125,1.86869,3.4598
125,1.86925,3.4771
125,1.86981,3.4944
125,1.87036,3.5118
125,1.87092,3.5292
125,1.87147,3.5467
125,1.87203,3.5643
125,1.87258,3.5819
125,1.87314,3.5996
125,1.87369,3.6174
125,1.87424,3.6352
125,1.8748,3.6531
125,1.87535,3.671
125,1.8759,3.689
125,1.87646,3.7071
125,1.87701,3.7252
125,1.87756,3.7434
125,1.87811,3.7617
125,1.87867,3.78
125,1.87922,3.7984
125,1.87977,3.8168
125,1.88032,3.8353
125,1.88087,3.8539
125,1.88142,3.8726
125,1.88197,3.8913
125,1.88252,3.91
125,1.88307,3.9289
125,1.88362,3.9478
125,1.88417,3.9667
125,1.88472,3.9857
125,1.88527,4.0048
125,1.88582,4.024
125,1.88636,4.0432
125,1.88691,4.0625
125,1.88746,4.0818
125,1.88801,4.1012
125,1.88855,4.1207
125,1.8891,4.1403
125,1.88965,4.1599
125,1.89019,4.1795
125,1.89074,4.1993
125,1.89128,4.2191
125,1.89183,4.239
125,1.89237,4.2589
125,1.89292,4.2789
125,1.89346,4.299
125,1.894,4.3191
125,1.89455,4.3393
125,1.89509,4.3596
125,1.89563,4.3799
125,1.89618,4.4003
125,1.89672,4.4208
125,1.89726,4.4413
125,1.8978,4.4619
125,1.89834,4.4826
125,1.89888,4.5033
125,1.89942,4.5241
125,1.89996,4.545
125,1.9005,4.5659
125,1.90104,4.5869
125,1.90158,4.608
125,1.90212,4.6291
125,1.90266,4.6503
125,1.9032,4.6716
125,1.90373,4.6929
125,1.90427,4.7143
125,1.90481,4.7358
125,1.90534,4.7574
125,1.90588,4.779
125,1.90642,4.8007
125,1.90695,4.8224
125,1.90749,4.8442
125,1.90802,4.8661
125,1.90856,4.8881
125,1.90909,4.9101
125,1.90963,4.9322
125,1.91016,4.9544
125,1.91069,4.9766
125,1.91122,4.9989
125,1.91176,5.0213
125,1.91229,5.0437
125,1.91282,5.0662
125,1.91335,5.0888
125,1.91388,5.1114
125,1.91441,5.1342
125,1.91494,5.1569
125,1.91547,5.1798
125,1.916,5.2027
125,1.91653,5.2257
125,1.91706,5.2488
125,1.91759,5.2719
125,1.91811,5.2952
125,1.91864,5.3184
125,1.91917,5.3418
125,1.91969,5.3652
125,1.92022,5.3887
125,1.92075,5.4123
125,1.92127,5.4359
125,1.9218,5.4596
125,1.92232,5.4834
125,1.92284,5.5072
125,1.92337,5.5312
125,1.92389,5.5552
125,1.92441,5.5792
125,1.92494,5.6034
125,1.92546,5.6276
125,1.92598,5.6518
125,1.9265,5.6762
125,1.92702,5.7006
125,1.92754,5.7251
125,1.92806,5.7497
125,1.92858,5.7743
125,1.9291,5.799
125,1.92962,5.8238
125,1.93014,5.8487
125,1.93065,5.8736
125,1.93117,5.8986
125,1.93169,5.9237
125,1.9322,5.9489
125,1.93272,5.9741
125,1.93324,5.9994
125,1.93375,6.0248
125,1.93426,6.0502
125,1.93478,6.0757
125,1.93529,6.1013
125,1.93581,6.127
125,1.93632,6.1527
125,1.93683,6.1785
125,1.93734,6.2044
125,1.93785,6.2304
125,1.93836,6.2564
125,1.93887,6.2826
125,1.93938,6.3087
125,1.93989,6.335
125,1.9404,6.3613
125,1.94091,6.3878
125,1.94142,6.4142
125,1.94193,6.4408
125,1.94243,6.4674
125,1.94294,6.4942
125,1.94345,6.5209
125,1.94395,6.5478
125,1.94446,6.5747
125,1.94496,6.6018
125,1.94547,6.6289
125,1.94597,6.656
125,1.94597,6.656
125,1.9471,6.7189
125,1.94823,6.7821
125,1.94936,6.8454
125,1.95048,6.9091
125,1.95161,6.9729
125,1.95273,7.037
125,1.95386,7.1014
125,1.95498,7.166
125,1.9561,7.2308
125,1.95722,7.2958
125,1.95834,7.3611
125,1.95946,7.4266
125,1.96058,7.4924
125,1.9617,7.5584
125,1.96281,7.6246
125,1.96393,7.691
125,1.96504,7.7577
125,1.96615,7.8246
125,1.96727,7.8917
125,1.96838,7.9591
125,1.96949,8.0267
125,1.9706,8.0945
125,1.9717,8.1625
125,1.97281,8.2308
125,1.97392,8.2993
125,1.97502,8.368
125,1.97613,8.4369
125,1.97723,8.506
125,1.97833,8.5754
125,1.97943,8.645
125,1.98053,8.7148
125,1.98163,8.7848
125,1.98273,8.8551
125,1.98383,8.9255
125,1.98493,8.9962
125,1.98602,9.0671
125,1.98712,9.1382
125,1.98821,9.2095
125,1.9893,9.281
125,1.9904,9.3528
125,1.99149,9.4247
125,1.99258,9.4969
125,1.99367,9.5692
125,1.99475,9.6418
125,1.99584,9.7146
125,1.99693,9.7876
125,1.99801,9.8608
125,1.9991,9.9342
125,2.00018,10.0078
125,2.00126,10.0816
125,2.00235,10.1556
125,2.00343,10.2298
125,2.00451,10.3042
125,2.00559,10.3788
125,2.00666,10.4536
125,2.00774,10.5286
125,2.00882,10.6038
125,2.00989,10.6792
125,2.01097,10.7548
125,2.01204,10.8306
125,2.01312,10.9066
125,2.01419,10.9827
125,2.01526,11.0591
125,2.01633,11.1357
125,2.0174,11.2124
125,2.01847,11.2894
125,2.01953,11.3665
125,2.0206,11.4438
125,2.02167,11.5213
125,2.02273,11.599
125,2.0238,11.6769
125,2.02486,11.755
125,2.02592,11.8332
125,2.02698,11.9116
125,2.02804,11.9903
125,2.0291,12.0691
125,2.03016,12.148
125,2.03122,12.2272
125,2.03228,12.3065
125,2.03334,12.3861
125,2.03439,12.4658
125,2.03545,12.5456
125,2.0365,12.6257
125,2.03755,12.7059
125,2.03861,12.7863
125,2.03966,12.8669
125,2.04071,12.9476
125,2.04176,13.0285
125,2.04281,13.1096
125,2.04385,13.1909
125,2.0449,13.2723
125,2.04595,13.3539
125,2.04699,13.4357
125,2.04804,13.5176
125,2.04908,13.5997
125,2.05013,13.682
125,2.05117,13.7644
125,2.05221,13.847
125,2.05325,13.9298
125,2.05429,14.0127
125,2.05533,14.0958
125,2.05637,14.1791
125,2.0574,14.2625
125,2.05844,14.346
125,2.05948,14.4298
125,2.06051,14.5136
125,2.06155,14.5977
125,2.06258,14.6819
125,2.06361,14.7662
125,2.06465,14.8507
125,2.06568,14.9354
125,2.06671,15.0202
125,2.06774,15.1052
125,2.06877,15.1903
125,2.06979,15.2756
125,2.07082,15.361
125,2.07185,15.4465
125,2.07287,15.5322
125,2.0739,15.6181
125,2.07492,15.7041
125,2.07595,15.7903
125,2.07697,15.8766
125,2.07799,15.963
125,2.07901,16.0496
125,2.08003,16.1363
125,2.08105,16.2232
125,2.08207,16.3102
125,2.08309,16.3973
125,2.08411,16.4846
125,2.08512,16.572
125,2.08614,16.6596
125,2.08715,16.7473
125,2.08817,16.8351
125,2.08918,16.9231
125,2.0902,17.0112
125,2.09121,17.0995
125,2.09222,17.1878
125,2.09323,17.2763
125,2.09424,17.365
125,2.09525,17.4537
125,2.09626,17.5426
125,2.09727,17.6317
125,2.09827,17.7208
125,2.09928,17.8101
125,2.10029,17.8995
125,2.10129,17.989
125,2.10229,18.0787
125,2.1033,18.1684
125,2.1043,18.2583
125,2.1053,18.3484
125,2.1063,18.4385
125,2.10731,18.5288
125,2.10831,18.6192
125,2.10931,18.7097
125,2.1103,18.8003
125,2.1113,18.891
125,2.1123,18.9819
125,2.1133,19.0728
125,2.11429,19.1639
125,2.11529,19.2551
125,2.11628,19.3464
125,2.11728,19.4379
125,2.11827,19.5294
125,2.11926,19.621
125,2.12025,19.7128
125,2.12125,19.8047
125,2.12224,19.8966
125,2.12323,19.9887
125,2.12421,20.0809
125,2.1252,20.1732
125,2.12619,20.2656
125,2.12718,20.3581
125,2.12817,20.4507
125,2.12915,20.5434
125,2.13014,20.6362
125,2.13112,20.7292
125,2.13211,20.8222
125,2.13309,20.9153
125,2.13407,21.0085
125,2.13505,21.1018
125,2.13604,21.1952
125,2.13702,21.2887
125,2.138,21.3823
125,2.13898,21.476
125,2.13995,21.5698
125,2.14093,21.6637
125,2.14191,21.7577
125,2.14289,21.8517
125,2.14386,21.9459
125,2.14484,22.0401
125,2.14581,22.1344
125,2.14679,22.2289
125,2.14776,22.3234
125,2.14874,22.418
125,2.14971,22.5127
125,2.15068,22.6074
125,2.15165,22.7023
125,2.15262,22.7972
125,2.15359,22.8922
125,2.15456,22.9873
125,2.15553,23.0825
125,2.1565,23.1777
125,2.15747,23.2731
125,2.15844,23.3685
125,2.1594,23.464
125,2.16037,23.5596
125,2.16134,23.6552
125,2.1623,23.7509
125,2.16326,23.8467
125,2.16423,23.9426
125,2.16519,24.0385
125,2.16615,24.1346
125,2.16712,24.2306
125,2.16808,24.3268
125,2.16904,24.423
125,2.17,24.5193
125,2.17096,24.6157
125,2.17192,24.7121
125,2.17288,24.8086
125,2.17384,24.9052
125,2.17479,25.0018
125,2.17575,25.0985
125,2.17671,25.1952
125,2.17766,25.292
125,2.17862,25.3889
125,2.17957,25.4859
125,2.18053,25.5828
125,2.18148,25.6799
125,2.18243,25.777
125,2.18339,25.8742
125,2.18434,25.9714
125,2.18529,26.0687
125,2.18624,26.166
125,2.18719,26.2634
125,2.18814,26.3609
125,2.18909,26.4584
125,2.19004,26.5559
125,2.19099,26.6535
125,2.19194,26.7512
125,2.19288,26.8489
125,2.19383,26.9466
125,2.19478,27.0444
125,2.19572,27.1423
125,2.19667,27.2402
125,2.19761,27.3381
125,2.19856,27.4361
125,2.1995,27.5341
125,2.20045,27.6322
125,2.20139,27.7303
125,2.20233,27.8284
125,2.20327,27.9266
125,2.20421,28.0248
125,2.20515,28.1231
125,2.20609,28.2214
125,2.20703,28.3197
125,2.20797,28.4181
125,2.20891,28.5165
125,2.20985,28.615
125,2.21079,28.7135
125,2.21173,28.812
125,2.21266,28.9105
125,2.2136,29.0091
125,2.21454,29.1077
125,2.21547,29.2064
125,2.21641,29.305
125,2.21734,29.4037
125,2.21828,29.5025
125,2.21921,29.6012
125,2.22014,29.7
125,2.22108,29.7988
125,2.22201,29.8976
125,2.22294,29.9965
125,2.22387,30.0953
125,2.2248,30.1942
125,2.22573,30.2931
125,2.22666,30.3921
125,2.22759,30.491
125,2.22852,30.59
125,2.22945,30.689
125,2.23038,30.788
125,2.23131,30.887
125,2.23224,30.9861
125,2.23316,31.0851
125,2.23409,31.1842
125,2.23502,31.2833
125,2.23594,31.3824
125,2.23687,31.4815
125,2.23779,31.5806
125,2.23872,31.6797
125,2.23964,31.7788
125,2.24056,31.878
125,2.24149,31.9771
125,2.24241,32.0763
125,2.24333,32.1755
125,2.24426,32.2746
125,2.24518,32.3738
125,2.2461,32.473
125,2.24702,32.5721
125,2.24794,32.6713
125,2.24886,32.7705
125,2.24978,32.8697
125,2.2507,32.9688
125,2.25162,33.068
125,2.25254,33.1672
125,2.25346,33.2664
125,2.25437,33.3655
125,2.25529,33.4647
125,2.25621,33.5638
125,2.25712,33.663
125,2.25804,33.7621
125,2.25896,33.8612
125,2.25987,33.9604
125,2.26079,34.0595
125,2.2617,34.1586
125,2.26262,34.2577
125,2.26353,34.3568
125,2.26444,34.4558
125,2.26536,34.5549
125,2.26627,34.6539
125,2.26718,34.7529
125,2.2681,34.8519
125,2.26901,34.9509
125,2.26992,35.0499
125,2.27083,35.1488
125,2.27174,35.2478
125,2.27265,35.3467
125,2.27356,35.4456
125,2.27447,35.5445
125,2.27538,35.6433
125,2.27629,35.7421
125,2.2772,35.8409
125,2.27811,35.9397
125,2.27902,36.0384
125,2.27993,36.1372
125,2.28083,36.2359
125,2.28174,36.3345
125,2.28265,36.4332
125,2.28356,36.5318
125,2.28446,36.6303
125,2.28537,36.7289
125,2.28627,36.8274
125,2.28718,36.9259
125,2.28808,37.0243
125,2.28899,37.1227
125,2.28989,37.2211
125,2.2908,37.3194
125,2.2917,37.4177
125,2.29261,37.516
125,2.29351,37.6142
125,2.29441,37.7124
125,2.29532,37.8105
125,2.29622,37.9086
125,2.29712,38.0067
125,2.29802,38.1047
125,2.29892,38.2027
125,2.29983,38.3006
125,2.30073,38.3985
125,2.30163,38.4963
125,2.30253,38.5941
125,2.30343,38.6918
125,2.30433,38.7895
125,2.30523,38.8872
125,2.30613,38.9848
125,2.30703,39.0823
125,2.30793,39.1798
125,2.30883,39.2772
125,2.30972,39.3746
125,2.31062,39.4719
125,2.31152,39.5692
125,2.31242,39.6664
125,2.31332,39.7636
125,2.31421,39.8607
125,2.31511,39.9577
125,2.31601,40.0547
125,2.3169,40.1516
125,2.3178,40.2485
125,2.3187,40.3453
125,2.31959,40.4421
125,2.32049,40.5387
125,2.32138,40.6353
125,2.32228,40.7319
125,2.32317,40.8284
125,2.32407,40.9248
125,2.32496,41.0211
125,2.32586,41.1174
125,2.32675,41.2136
125,2.32764,41.3098
125,2.32854,41.4059
125,2.32943,41.5019
125,2.33032,41.5978
125,2.33122,41.6936
125,2.33211,41.7894
125,2.333,41.8851
125,2.3339,41.9808
125,2.33479,42.0763
125,2.33568,42.1718
125,2.33657,42.2672
125,2.33746,42.3625
125,2.33835,42.4578
125,2.33835,42.4578
125,2.3458,43.2985
125,2.35324,44.1398
125,2.36068,44.9815
125,2.36812,45.8238
125,2.37555,46.6665
125,2.38297,47.5096
125,2.39039,48.3533
125,2.39781,49.1974
125,2.40522,50.0421
125,2.41263,50.8872
125,2.42004,51.7327
125,2.42744,52.5788
125,2.43483,53.4253
125,2.44222,54.2723
125,2.44961,55.1198
125,2.45699,55.9677
125,2.46437,56.8161
125,2.47175,57.665
125,2.47912,58.5144
125,2.48648,59.3642
125,2.49384,60.2145
125,2.5012,61.0653
125,2.50855,61.9165
125,2.5159,62.7682
125,2.52325,63.6204
125,2.53059,64.473
125,2.53792,65.3261
125,2.54526,66.1796
125,2.55258,67.0336
125,2.55991,67.8881
125,2.56723,68.7431
125,2.57454,69.5984
125,2.58185,70.4543
125,2.58916,71.3106
125,2.59646,72.1674
125,2.60376,73.0246
125,2.61105,73.8823
125,2.61834,74.7404
125,2.62563,75.599
125,2.63291,76.458
125,2.64019,77.3175
125,2.64746,78.1775
125,2.65473,79.0379
125,2.662,79.8987
125,2.66926,80.76
125,2.67651,81.6217
125,2.68376,82.4839
125,2.69101,83.3465
125,2.69826,84.2096
125,2.7055,85.0731
125,2.71273,85.9371
125,2.71996,86.8015
125,2.72719,87.6663
125,2.73441,88.5316
125,2.74163,89.3973
125,2.74885,90.2635
125,2.75606,91.1301
125,2.76326,91.9972
125,2.77047,92.8646
125,2.77766,93.7326
125,2.78486,94.6009
125,2.79205,95.4697
125,2.79923,96.3389
125,2.80642,97.2086
125,2.81359,98.0786
125,2.82077,98.9492
125,2.82793,99.8201
125,2.8351,100.6915
125,2.84226,101.5633
125,2.84942,102.4355
125,2.85657,103.3082
125,2.86372,104.1812
125,2.87086,105.0547
125,2.878,105.9287
125,2.88514,106.803
125,2.89227,107.6778
125,2.8994,108.553
125,2.90652,109.4286
125,2.91364,110.3047
125,2.92076,111.1811
125,2.92787,112.058
125,2.93498,112.9353
125,2.94208,113.813
125,2.94918,114.6911
125,2.95628,115.5697
125,2.96337,116.4486
125,2.97045,117.328
125,2.97754,118.2078
125,2.98461,119.088
125,2.99169,119.9686
125,2.99876,120.8496
125,3.00583,121.731
125,3.01289,122.6129
125,3.01995,123.4951
125,3.027,124.3778
125,3.03405,125.2608
125,3.0411,126.1443
125,3.04814,127.0282
125,3.05518,127.9124
125,3.06221,128.7971
125,3.06924,129.6822
125,3.07627,130.5676
125,3.08329,131.4535
125,3.09031,132.3398
125,3.09732,133.2265
125,3.10433,134.1135
125,3.11134,135.001
125,3.11834,135.8889
125,3.12534,136.7771
125,3.13233,137.6658
125,3.13932,138.5548
125,3.14631,139.4443
125,3.15329,140.3341
125,3.16027,141.2243
125,3.16724,142.1149
125,3.17421,143.0059
125,3.18117,143.8973
125,3.18814,144.7891
125,3.19509,145.6812
125,3.20205,146.5738
125,3.209,147.4667
125,3.21594,148.3601
125,3.22288,149.2538
125,3.22982,150.1478
125,3.23675,151.0423
125,3.24368,151.9372
125,3.25061,152.8324
125,3.25753,153.728
125,3.26445,154.624
125,3.27136,155.5203
125,3.27827,156.4171
125,3.28518,157.3142
125,3.29208,158.2117
125,3.29898,159.1096
125,3.30587,160.0078
125,3.31276,160.9064
125,3.31965,161.8054
125,3.32653,162.7048
125,3.33341,163.6045
125,3.34028,164.5046
125,3.34715,165.405
125,3.35402,166.3059
125,3.36088,167.2071
125,3.36774,168.1086
125,3.37459,169.0106
125,3.38144,169.9129
125,3.38829,170.8155
125,3.39513,171.7185
125,3.40197,172.6219
125,3.4088,173.5257
125,3.41563,174.4298
125,3.42246,175.3342
125,3.42928,176.2391
125,3.4361,177.1442
125,3.44291,178.0498
125,3.44972,178.9557
125,3.45653,179.8619
125,3.46333,180.7685
125,3.47013,181.6755
125,3.47693,182.5828
125,3.48372,183.4904
125,3.49051,184.3984
125,3.49729,185.3068
125,3.50407,186.2155
125,3.51085,187.1246
125,3.51762,188.034
125,3.52439,188.9437
125,3.53115,189.8538
125,3.53791,190.7643
125,3.54467,191.6751
125,3.55142,192.5862
125,3.55817,193.4977
125,3.56491,194.4095
125,3.57165,195.3217
125,3.57839,196.2342
125,3.58512,197.147
125,3.59185,198.0602
125,3.59858,198.9737
125,3.6053,199.8875
125,3.61202,200.8017
125,3.61873,201.7163
125,3.62544,202.6311
125,3.63214,203.5463
125,3.63885,204.4618
125,3.64554,205.3777
125,3.65224,206.2939
125,3.65893,207.2104
125,3.66562,208.1272
125,3.6723,209.0444
125,3.67898,209.9619
125,3.68565,210.8798
125,3.69232,211.7979
125,3.69899,212.7164
125,3.70566,213.6352
125,3.71232,214.5543
125,3.71897,215.4738
125,3.72562,216.3936
125,3.73227,217.3137
125,3.73892,218.2341
125,3.74556,219.1548
125,3.75219,220.0759
125,3.75883,220.9972
125,3.76546,221.9189
125,3.77208,222.8409
125,3.7787,223.7632
125,3.78532,224.6859
125,3.79193,225.6088
125,3.79854,226.5321
125,3.80515,227.4557
125,3.81175,228.3795
125,3.81835,229.3037
125,3.82495,230.2282
125,3.83154,231.1531
125,3.83813,232.0782
125,3.84471,233.0036
125,3.85129,233.9293
125,3.85787,234.8554
125,3.86444,235.7817
125,3.87101,236.7084
125,3.87757,237.6353
125,3.88413,238.5626
125,3.89069,239.4901
125,3.89724,240.418
125,3.90379,241.3461
125,3.91034,242.2746
125,3.91688,243.2033
125,3.92342,244.1324
125,3.92996,245.0617
125,3.93649,245.9913
125,3.94301,246.9213
125,3.94954,247.8515
125,3.95606,248.782
125,3.96257,249.7128
125,3.96909,250.6439
125,3.97559,251.5753
125,3.9821,252.507
125,3.9886,253.439
125,3.9951,254.3712
125,4.00159,255.3038
125,4.00808,256.2366
125,4.01457,257.1697
125,4.02105,258.1031
125,4.02753,259.0368
125,4.034,259.9708
125,4.04048,260.905
125,4.04694,261.8396
125,4.05341,262.7744
125,4.05987,263.7095
125,4.06632,264.6448
125,4.07278,265.5805
125,4.07923,266.5164
125,4.08567,267.4526
125,4.09211,268.3891
125,4.09855,269.3258
125,4.10499,270.2628
125,4.11142,271.2001
125,4.11784,272.1377
125,4.12427,273.0755
125,4.13069,274.0137
125,4.1371,274.952
125,4.14352,275.8907
125,4.14992,276.8296
125,4.15633,277.7688
125,4.16273,278.7082
125,4.16913,279.6479
125,4.17552,280.5879
125,4.18191,281.5282
125,4.1883,282.4687
125,4.19468,283.4094
125,4.20106,284.3505
125,4.20744,285.2918
125,4.21381,286.2333
125,4.22018,287.1751
125,4.22654,288.1172
125,4.2329,289.0595
125,4.23926,290.0021
125,4.24562,290.9449
125,4.25197,291.888
125,4.25831,292.8313
125,4.26466,293.7749
125,4.27099,294.7188
125,4.27733,295.6629
125,4.28366,296.6072
125,4.28999,297.5518
125,4.29632,298.4967
125,4.30264,299.4418
125,4.30896,300.3871
125,4.31527,301.3327
125,4.32158,302.2785
125,4.32789,303.2246
125,4.33419,304.1709
125,4.34049,305.1175
125,4.34679,306.0643
125,4.35308,307.0113
125,4.35937,307.9586
125,4.36565,308.9062
125,4.37193,309.8539
125,4.37821,310.8019
125,4.38449,311.7502
125,4.39076,312.6986
125,4.39703,313.6474
125,4.40329,314.5963
125,4.40955,315.5455
125,4.41581,316.4949
125,4.42206,317.4445
125,4.42831,318.3944
125,4.43456,319.3445
125,4.4408,320.2949
125,4.44704,321.2454
125,4.45327,322.1962
125,4.4595,323.1473
125,4.46573,324.0985
125,4.47196,325.05
125,4.47818,326.0017
125,4.4844,326.9536
125,4.49061,327.9057
125,4.49682,328.8581
125,4.50303,329.8107
125,4.50923,330.7635
125,4.51543,331.7165
125,4.52163,332.6698
125,4.52782,333.6232
125,4.53401,334.5769
125,4.54019,335.5308
125,4.54638,336.4849
125,4.55256,337.4392
125,4.55873,338.3938
125,4.5649,339.3485
125,4.57107,340.3035
125,4.57724,341.2587
125,4.5834,342.2141
125,4.58955,343.1697
125,4.59571,344.1255
125,4.60186,345.0815
125,4.60801,346.0377
125,4.61415,346.9941
125,4.62029,347.9508
125,4.62643,348.9076
125,4.63256,349.8646
125,4.63869,350.8219
125,4.64482,351.7793
125,4.65094,352.737
125,4.65706,353.6948
125,4.66317,354.6529
125,4.66929,355.6111
125,4.6754,356.5696
125,4.6815,357.5282
125,4.6876,358.487
125,4.6937,359.4461
125,4.6998,360.4053
125,4.70589,361.3647
125,4.71198,362.3243
125,4.71806,363.2841
125,4.72414,364.2441
125,4.73022,365.2043
125,4.73629,366.1647
125,4.74237,367.1253
125,4.74843,368.086
125,4.7545,369.047
125,4.76056,370.0081
125,4.76662,370.9694
125,4.77267,371.9309
125,4.77872,372.8926
125,4.78477,373.8545
125,4.79081,374.8165
125,4.79685,375.7787
125,4.80289,376.7411
125,4.80892,377.7037
125,4.81495,378.6665
125,4.82098,379.6294
125,4.827,380.5926
125,4.83302,381.5559
125,4.83903,382.5193
125,4.84505,383.483
125,4.85106,384.4468
125,4.85706,385.4108
125,4.86306,386.375
125,4.86906,387.3393
125,4.87506,388.3038
125,4.88105,389.2685
125,4.88704,390.2333
125,4.89303,391.1983
125,4.89901,392.1635
125,4.90499,393.1289
125,4.91096,394.0944
125,4.91693,395.0601
125,4.9229,396.0259
125,4.92887,396.9919
125,4.93483,397.9581
125,4.94079,398.9244
125,4.94674,399.8909
125,4.9527,400.8576
125,4.95864,401.8244
125,4.96459,402.7913
125,4.97053,403.7585
125,4.97647,404.7257
125,4.98241,405.6932
125,4.98834,406.6608
125,4.99427,407.6285
