v_out_v,i_source_a,i_sink_a
0.00,1.6817,0.0054
0.05,1.6784,0.0595
0.10,1.6737,0.1956
0.15,1.6695,0.3371
0.20,1.6669,0.4742
0.25,1.6655,0.6036
0.30,1.6521,0.7142
0.35,1.6421,0.8323
0.40,1.6350,0.9496
0.45,1.6297,1.0594
0.50,1.6068,1.1660
0.55,1.5823,1.2674
0.60,1.5650,1.3575
0.65,1.5442,1.4556
0.70,1.5385,1.5517
0.75,1.5343,1.6399
0.80,1.5307,1.7282
0.85,1.5279,1.8077
0.90,1.5257,1.8819
0.95,1.5235,1.9447
1.00,1.5215,1.9992
1.05,1.5197,2.0658
1.10,1.5178,2.1297
1.15,1.5160,2.1915
1.20,1.5149,2.2481
1.25,1.5138,2.3006
1.30,1.5128,2.3557
1.35,1.5117,2.4142
1.40,1.5110,2.4695
1.45,1.5103,2.5172
1.50,1.5095,2.5581
1.55,1.5089,2.5923
1.60,1.5081,2.6261
1.65,1.5071,2.6607
1.70,1.5063,2.6963
1.75,1.5054,2.7331
1.80,1.5044,2.7650
1.85,1.5032,2.7954
1.90,1.5023,2.8250
1.95,1.5010,2.8531
2.00,1.4999,2.8750
2.05,1.4983,2.8932
2.10,1.4970,2.9101
2.15,1.4954,2.9253
2.20,1.4935,2.9400
2.25,1.4914,2.9534
2.30,1.4891,2.9670
2.35,1.4866,2.9812
2.40,1.4839,2.9950
2.45,1.4811,3.0065
2.50,1.4777,3.0178
2.55,1.4748,3.0288
2.60,1.4714,3.0399
2.65,1.4682,3.0498
2.70,1.4643,3.0600
2.75,1.4594,3.0694
2.80,1.4536,3.0768
2.85,1.4476,3.0846
2.90,1.4409,3.0918
2.95,1.4328,3.0989
3.00,1.4221,3.1062
3.05,1.4121,3.1125
3.10,1.4016,3.1181
3.15,1.3913,3.1243
3.20,1.3790,3.1303
3.25,1.3662,3.1368
3.30,1.3528,3.1433
3.35,1.3390,3.1501
3.40,1.3245,3.1566
3.45,1.3092,3.1628
3.50,1.2917,3.1691
3.55,1.2733,3.1752
3.60,1.2531,3.1810
3.65,1.2310,3.1874
3.70,1.2102,3.1938
3.75,1.1890,3.2008
3.80,1.1653,3.2089
3.85,1.1402,3.2174
3.90,1.1134,3.2264
3.95,1.0855,3.2348
4.00,1.0565,3.2431
4.05,1.0249,3.2501
4.10,0.9932,3.2574
4.15,0.9611,3.2680
4.20,0.9290,3.2788
4.25,0.8870,3.2901
4.30,0.8422,3.3082
4.35,0.7989,3.3283
4.40,0.7510,3.3415
4.45,0.7030,3.3529
4.50,0.6548,3.3687
4.55,0.5993,3.3848
4.60,0.5424,3.3962
4.65,0.4821,3.4075
4.70,0.4232,3.4240
4.75,0.3584,3.4734
4.80,0.2866,3.5032
4.85,0.2066,3.5554
4.90,0.1248,3.6133
4.95,0.0385,3.6378
5.00,0.0040,3.6391
