tj_c,normalized_rds_on
0.0486,0.86714
0.4955,0.86951
0.9423,0.87188
1.3892,0.87425
1.8361,0.87662
2.2829,0.87899
2.7298,0.88136
3.1766,0.88373
3.6235,0.8861
4.0704,0.88847
4.5172,0.89085
4.9641,0.89322
5.411,0.89559
5.8578,0.89796
6.3047,0.90033
6.7515,0.9027
7.1984,0.90507
7.6453,0.90744
8.0921,0.90981
8.539,0.91218
8.9858,0.91455
9.4327,0.91692
9.8796,0.91929
10.3264,0.92166
10.7733,0.92403
11.2201,0.9264
11.667,0.92877
12.1139,0.93114
12.5607,0.93351
13.0076,0.93588
13.0076,0.93588
13.4544,0.93828
13.9013,0.94068
14.3482,0.94308
14.795,0.94549
15.2419,0.94789
15.6888,0.95029
16.1356,0.95269
16.5825,0.95509
17.0293,0.9575
17.4762,0.9599
17.9231,0.9623
18.3699,0.9647
18.8168,0.9671
19.2636,0.9695
19.7105,0.97191
20.1574,0.97431
20.6042,0.97671
21.0511,0.97911
21.4979,0.98151
21.9448,0.98391
22.3917,0.98632
22.8385,0.98872
23.2854,0.99112
23.7323,0.99352
24.1791,0.99592
24.626,0.99833
25.0728,1.00073
25.5197,1.00313
25.9666,1.00553
25.9666,1.00553
26.379,1.00778
26.7915,1.01003
27.204,1.01228
27.6165,1.01453
28.029,1.01678
28.4415,1.01903
28.854,1.02128
29.2665,1.02352
29.679,1.02577
30.0915,1.02802
30.504,1.03027
30.9165,1.03252
31.329,1.03477
31.7415,1.03702
32.154,1.03927
32.5665,1.04152
32.979,1.04377
33.3915,1.04602
33.804,1.04827
34.2164,1.05051
34.6289,1.05276
35.0414,1.05501
35.4539,1.05726
35.8664,1.05951
36.2789,1.06176
36.6914,1.06401
37.1039,1.06626
37.5164,1.06851
37.9289,1.07076
37.9289,1.07076
38.307,1.07285
38.6851,1.07494
39.0632,1.07703
39.4413,1.07912
39.8194,1.08122
40.1975,1.08331
40.5756,1.0854
40.9537,1.08749
41.3318,1.08958
41.7099,1.09168
42.0879,1.09377
42.466,1.09586
42.8441,1.09795
43.2222,1.10004
43.6003,1.10214
43.9784,1.10423
44.3565,1.10632
44.7346,1.10841
45.1127,1.1105
45.4908,1.11259
45.8689,1.11469
46.247,1.11678
46.6251,1.11887
47.0032,1.12096
47.3813,1.12305
47.7594,1.12515
48.1375,1.12724
48.5156,1.12933
48.8937,1.13142
48.8937,1.13142
49.2718,1.13355
49.6499,1.13567
50.028,1.13779
50.406,1.13992
50.7841,1.14204
51.1622,1.14417
51.5403,1.14629
51.9184,1.14842
52.2965,1.15054
52.6746,1.15266
53.0527,1.15479
53.4308,1.15691
53.8089,1.15904
54.187,1.16116
54.5651,1.16329
54.9432,1.16541
55.3213,1.16753
55.6994,1.16966
56.0775,1.17178
56.4556,1.17391
56.8337,1.17603
57.2118,1.17816
57.5899,1.18028
57.968,1.18241
58.3461,1.18453
58.7242,1.18665
59.1023,1.18878
59.4804,1.1909
59.8585,1.19303
59.8585,1.19303
60.2022,1.19499
60.546,1.19695
60.8897,1.19891
61.2335,1.20088
61.5773,1.20284
61.921,1.2048
62.2648,1.20676
62.6085,1.20873
62.9523,1.21069
63.2961,1.21265
63.6398,1.21461
63.9836,1.21658
64.3274,1.21854
64.6711,1.2205
65.0149,1.22246
65.3586,1.22443
65.7024,1.22639
66.0462,1.22835
66.3899,1.23031
66.7337,1.23228
67.0774,1.23424
67.4212,1.2362
67.765,1.23816
68.1087,1.24013
68.4525,1.24209
68.7962,1.24405
69.14,1.24601
69.4838,1.24798
69.8275,1.24994
69.8275,1.24994
70.1713,1.25193
70.515,1.25393
70.8588,1.25593
71.2026,1.25792
71.5463,1.25992
71.8901,1.26191
72.2339,1.26391
72.5776,1.26591
72.9214,1.2679
73.2651,1.2699
73.6089,1.27189
73.9527,1.27389
74.2964,1.27589
74.6402,1.27788
74.9839,1.27988
75.3277,1.28187
75.6715,1.28387
76.0152,1.28587
76.359,1.28786
76.7027,1.28986
77.0465,1.29185
77.3903,1.29385
77.734,1.29585
78.0778,1.29784
78.4215,1.29984
78.7653,1.30183
79.1091,1.30383
79.4528,1.30583
79.7966,1.30782
79.7966,1.30782
80.1059,1.30965
80.4153,1.31148
80.7246,1.31331
81.0339,1.31514
81.3432,1.31696
81.6526,1.31879
81.9619,1.32062
82.2712,1.32245
82.5806,1.32428
82.8899,1.32611
83.1992,1.32793
83.5086,1.32976
83.8179,1.33159
84.1272,1.33342
84.4366,1.33525
84.7459,1.33708
85.0552,1.3389
85.3645,1.34073
85.6739,1.34256
85.9832,1.34439
86.2925,1.34622
86.6019,1.34805
86.9112,1.34987
87.2205,1.3517
87.5299,1.35353
87.8392,1.35536
88.1485,1.35719
88.4579,1.35902
88.7672,1.36084
88.7672,1.36084
89.0765,1.36271
89.3859,1.36457
89.6953,1.36643
90.0046,1.36829
90.314,1.37015
90.6234,1.37202
90.9327,1.37388
91.2421,1.37574
91.5515,1.3776
91.8608,1.37946
92.1702,1.38133
92.4795,1.38319
92.7889,1.38505
93.0983,1.38691
93.4076,1.38878
93.717,1.39064
94.0264,1.3925
94.3357,1.39436
94.6451,1.39622
94.9544,1.39809
95.2638,1.39995
95.5732,1.40181
95.8825,1.40367
96.1919,1.40553
96.5013,1.4074
96.8106,1.40926
97.12,1.41112
97.4293,1.41298
97.7387,1.41484
97.7387,1.41484
98.0137,1.41653
98.2887,1.41822
98.5637,1.4199
98.8387,1.42159
99.1137,1.42328
99.3887,1.42496
99.6637,1.42665
99.9387,1.42834
100.2137,1.43002
100.4887,1.43171
100.7637,1.43339
101.0387,1.43508
101.3137,1.43677
101.5887,1.43845
101.8637,1.44014
102.1386,1.44183
102.4136,1.44351
102.6886,1.4452
102.9636,1.44688
103.2386,1.44857
103.5136,1.45026
103.7886,1.45194
104.0636,1.45363
104.3386,1.45532
104.6136,1.457
104.8886,1.45869
105.1636,1.46038
105.4386,1.46206
105.7136,1.46375
105.7136,1.46375
105.9886,1.46547
106.2636,1.46719
106.5386,1.46891
106.8136,1.47063
107.0886,1.47235
107.3636,1.47407
107.6386,1.47579
107.9136,1.47751
108.1886,1.47923
108.4636,1.48095
108.7386,1.48267
109.0136,1.48439
109.2886,1.48611
109.5635,1.48783
109.8385,1.48955
110.1135,1.49127
110.3885,1.49299
110.6635,1.49471
110.9385,1.49643
111.2135,1.49815
111.4885,1.49987
111.7635,1.50158
112.0385,1.5033
112.3135,1.50502
112.5885,1.50674
112.8635,1.50846
113.1385,1.51018
113.4135,1.5119
113.6885,1.51362
113.6885,1.51362
113.9635,1.51538
114.2385,1.51714
114.5135,1.51889
114.7885,1.52065
115.0635,1.5224
115.3385,1.52416
115.6135,1.52592
115.8885,1.52767
116.1635,1.52943
116.4385,1.53118
116.7135,1.53294
116.9885,1.5347
117.2634,1.53645
117.5384,1.53821
117.8134,1.53996
118.0884,1.54172
118.3634,1.54347
118.6384,1.54523
118.9134,1.54699
119.1884,1.54874
119.4634,1.5505
119.7384,1.55225
120.0134,1.55401
120.2884,1.55577
120.5634,1.55752
120.8384,1.55928
121.1134,1.56103
121.3884,1.56279
121.6634,1.56455
121.6634,1.56455
121.904,1.56612
122.1446,1.56769
122.3852,1.56926
122.6258,1.57083
122.8664,1.5724
123.107,1.57396
123.3476,1.57553
123.5882,1.5771
123.8288,1.57867
124.0694,1.58024
124.31,1.58181
124.5506,1.58338
124.7912,1.58495
125.0318,1.58652
125.2724,1.58809
125.513,1.58966
125.7536,1.59123
125.9942,1.5928
126.2348,1.59437
126.4754,1.59594
126.716,1.59751
126.9566,1.59908
127.1971,1.60065
127.4377,1.60222
127.6783,1.60379
127.9189,1.60536
128.1595,1.60693
128.4001,1.6085
128.6407,1.61007
128.6407,1.61007
128.8814,1.61167
129.122,1.61328
129.3626,1.61488
129.6033,1.61649
129.8439,1.61809
130.0845,1.6197
130.3251,1.6213
130.5658,1.6229
130.8064,1.62451
131.047,1.62611
131.2877,1.62772
131.5283,1.62932
131.7689,1.63092
132.0095,1.63253
132.2502,1.63413
132.4908,1.63574
132.7314,1.63734
132.9721,1.63894
133.2127,1.64055
133.4533,1.64215
133.6939,1.64376
133.9346,1.64536
134.1752,1.64697
134.4158,1.64857
134.6565,1.65017
134.8971,1.65178
135.1377,1.65338
135.3784,1.65499
135.619,1.65659
135.619,1.65659
135.8596,1.65823
136.1002,1.65987
136.3409,1.66152
136.5815,1.66316
136.8221,1.6648
137.0628,1.66644
137.3034,1.66809
137.544,1.66973
137.7846,1.67137
138.0253,1.67301
138.2659,1.67465
138.5065,1.6763
138.7472,1.67794
138.9878,1.67958
139.2284,1.68122
139.469,1.68287
139.7097,1.68451
139.9503,1.68615
140.1909,1.68779
140.4316,1.68943
140.6722,1.69108
140.9128,1.69272
141.1534,1.69436
141.3941,1.696
141.6347,1.69765
141.8753,1.69929
142.116,1.70093
142.3566,1.70257
142.5972,1.70421
142.5972,1.70421
142.8035,1.70565
143.0097,1.7071
143.2159,1.70854
143.4221,1.70998
143.6284,1.71142
143.8346,1.71286
144.0408,1.7143
144.2471,1.71574
144.4533,1.71718
144.6595,1.71862
144.8658,1.72006
145.072,1.72151
145.2782,1.72295
145.4845,1.72439
145.6907,1.72583
145.8969,1.72727
146.1031,1.72871
146.3094,1.73015
146.5156,1.73159
146.7218,1.73303
146.9281,1.73447
147.1343,1.73592
147.3405,1.73736
147.5468,1.7388
147.753,1.74024
147.9592,1.74168
148.1655,1.74312
148.3717,1.74456
148.5779,1.746
148.5779,1.746
148.6123,1.74625
148.6467,1.74649
148.681,1.74673
148.7154,1.74698
148.7498,1.74722
148.7841,1.74746
148.8185,1.74771
148.8529,1.74795
148.8872,1.74819
148.9216,1.74844
148.956,1.74868
148.9903,1.74892
149.0247,1.74917
149.0591,1.74941
149.0934,1.74966
149.1278,1.7499
149.1622,1.75014
149.1965,1.75039
149.2309,1.75063
149.2653,1.75087
149.2996,1.75112
149.334,1.75136
149.3684,1.7516
149.4027,1.75185
149.4371,1.75209
149.4715,1.75234
149.5058,1.75258
149.5402,1.75282
149.5746,1.75307
