negative_target_a,minimum_vds_high_after_release_v,CH_pF,CL_pF,source,Ceff_pF
1.25,9.256580352783203,385.0,770.0,A42,256.6666666666667
2.5,7.99578857421875,385.0,770.0,A42,256.6666666666667
3.75,6.643653869628906,385.0,770.0,A42,256.6666666666667
5.0,5.264636993408203,385.0,770.0,A42,256.6666666666667
6.25,3.874401092529297,385.0,770.0,A42,256.6666666666667
7.5,2.477996826171875,385.0,770.0,A42,256.6666666666667
8.75,1.0787887573242188,385.0,770.0,A42,256.6666666666667
10.0,-0.0150909423828125,385.0,770.0,A42,256.6666666666667
11.25,-0.0377883911132812,385.0,770.0,A42,256.6666666666667
12.5,-0.0529823303222656,385.0,770.0,A42,256.6666666666667
8.75,1.0787887573242188,385.0,770.0,A42,256.6666666666667
8.875,0.938884735107422,385.0,770.0,A42,256.6666666666667
9.0,0.7984771728515625,385.0,770.0,A42,256.6666666666667
9.125,0.6584205627441406,385.0,770.0,A42,256.6666666666667
9.25,0.5182533264160156,385.0,770.0,A42,256.6666666666667
9.375,0.3784103393554687,385.0,770.0,A42,256.6666666666667
9.5,0.2380638122558593,385.0,770.0,A42,256.6666666666667
9.625,0.0980567932128906,385.0,770.0,A42,256.6666666666667
9.75,-0.0048370361328125,385.0,770.0,A42,256.6666666666667
9.875,-0.0110321044921875,385.0,770.0,A42,256.6666666666667
10.0,-0.0150909423828125,385.0,770.0,A42,256.6666666666667
9.625,0.0980567932128906,385.0,770.0,A42,256.6666666666667
9.6375,0.0840682983398437,385.0,770.0,A42,256.6666666666667
9.65,0.0700302124023437,385.0,770.0,A42,256.6666666666667
9.6625,0.0559272766113281,385.0,770.0,A42,256.6666666666667
9.675,0.0419502258300781,385.0,770.0,A42,256.6666666666667
9.6875,0.0279121398925781,385.0,770.0,A42,256.6666666666667
9.7,0.0139236450195312,385.0,770.0,A42,256.6666666666667
9.7125,-4.9591064453125e-05,385.0,770.0,A42,256.6666666666667
9.725,-0.0025444030761718,385.0,770.0,A42,256.6666666666667
9.7375,-0.0038261413574218,385.0,770.0,A42,256.6666666666667
9.75,-0.0048370361328125,385.0,770.0,A42,256.6666666666667
1.25,9.86776351928711,3720.0,5580.0,A45,2232.0
2.5,9.577285766601562,3720.0,5580.0,A45,2232.0
3.75,9.193798065185549,3720.0,5580.0,A45,2232.0
5.0,8.765068054199219,3720.0,5580.0,A45,2232.0
6.25,8.312740325927734,3720.0,5580.0,A45,2232.0
7.5,7.847187042236328,3720.0,5580.0,A45,2232.0
8.75,7.373359680175781,3720.0,5580.0,A45,2232.0
10.0,6.8941650390625,3720.0,5580.0,A45,2232.0
11.25,6.411376953125,3720.0,5580.0,A45,2232.0
12.5,5.9259185791015625,3720.0,5580.0,A45,2232.0
18.75,3.477466583251953,3720.0,5580.0,A45,2232.0
25.0,1.0126266479492188,3720.0,5580.0,A45,2232.0
26.25,0.5187263488769531,3720.0,5580.0,A45,2232.0
27.5,0.0246429443359375,3720.0,5580.0,A45,2232.0
28.75,-0.0473747253417968,3720.0,5580.0,A45,2232.0
30.0,-0.0718116760253906,3720.0,5580.0,A45,2232.0
31.25,-0.0912361145019531,3720.0,5580.0,A45,2232.0
37.5,-0.1642303466796875,3720.0,5580.0,A45,2232.0
43.75,-0.2230186462402343,3720.0,5580.0,A45,2232.0
50.0,-0.2764434814453125,3720.0,5580.0,A45,2232.0
27.5,0.0246429443359375,3720.0,5580.0,A45,2232.0
27.625,-0.0076408386230468,3720.0,5580.0,A45,2232.0
27.75,-0.0156097412109375,3720.0,5580.0,A45,2232.0
27.875,-0.02142333984375,3720.0,5580.0,A45,2232.0
28.0,-0.0262680053710937,3720.0,5580.0,A45,2232.0
28.125,-0.0305328369140625,3720.0,5580.0,A45,2232.0
28.25,-0.0343971252441406,3720.0,5580.0,A45,2232.0
28.375,-0.0379524230957031,3720.0,5580.0,A45,2232.0
28.5,-0.0412750244140625,3720.0,5580.0,A45,2232.0
28.625,-0.0444068908691406,3720.0,5580.0,A45,2232.0
28.75,-0.0473747253417968,3720.0,5580.0,A45,2232.0
27.5,0.0246429443359375,3720.0,5580.0,A45,2232.0
27.512500000000003,0.0197410583496093,3720.0,5580.0,A45,2232.0
27.525,0.0147552490234375,3720.0,5580.0,A45,2232.0
27.5375,0.0097923278808593,3720.0,5580.0,A45,2232.0
27.549999999999997,0.0048446655273437,3720.0,5580.0,A45,2232.0
27.5625,-0.0001144409179687,3720.0,5580.0,A45,2232.0
27.575,-0.0024337768554687,3720.0,5580.0,A45,2232.0
27.5875,-0.0040512084960937,3720.0,5580.0,A45,2232.0
27.6,-0.0053977966308593,3720.0,5580.0,A45,2232.0
27.6125,-0.0065879821777343,3720.0,5580.0,A45,2232.0
27.625,-0.0076408386230468,3720.0,5580.0,A45,2232.0
1.25,9.256580352783203,385.0,770.0,A41_high_only,256.6666666666667
1.25,9.547950744628906,1385.0,770.0,A41_high_only,494.8723897911833
1.25,9.303085327148438,485.0,770.0,A41_high_only,297.56972111553785
1.25,9.670650482177734,2385.0,770.0,A41_high_only,582.0760697305864
1.25,9.362117767333984,635.0,770.0,A41_high_only,348.0071174377224
1.25,9.440093994140623,885.0,770.0,A41_high_only,411.7522658610272
1.25,9.28061294555664,435.0,770.0,A41_high_only,277.9668049792531
1.25,9.256580352783203,385.0,770.0,A41_symmetric,256.6666666666667
1.25,9.670642852783203,1385.0,1770.0,A41_symmetric,777.0047543581617
1.25,9.343585968017578,485.0,870.0,A41_symmetric,311.40221402214024
1.25,9.782764434814451,2385.0,2770.0,A41_symmetric,1281.561590688652
1.25,9.439933776855469,635.0,1020.0,A41_symmetric,391.3595166163142
1.25,9.547935485839844,885.0,1270.0,A41_symmetric,521.554524361949
1.25,9.303035736083984,435.0,820.0,A41_symmetric,284.2231075697211
2.5,7.99578857421875,385.0,770.0,A41_high_only,256.6666666666667
2.5,8.693397521972656,1385.0,770.0,A41_high_only,494.8723897911833
2.5,8.103614807128906,485.0,770.0,A41_high_only,297.56972111553785
2.5,9.009628295898438,2385.0,770.0,A41_high_only,582.0760697305864
2.5,8.242294311523438,635.0,770.0,A41_high_only,348.0071174377224
2.5,8.42812728881836,885.0,770.0,A41_high_only,411.7522658610272
2.5,8.0513916015625,435.0,770.0,A41_high_only,277.9668049792531
2.5,7.99578857421875,385.0,770.0,A41_symmetric,256.6666666666667
2.5,9.009464263916016,1385.0,1770.0,A41_symmetric,777.0047543581617
2.5,8.198646545410156,485.0,870.0,A41_symmetric,311.40221402214024
2.5,9.319507598876951,2385.0,2770.0,A41_symmetric,1281.561590688652
2.5,8.428054809570312,635.0,1020.0,A41_symmetric,391.3595166163142
2.5,8.693267822265625,885.0,1270.0,A41_symmetric,521.554524361949
2.5,8.103607177734375,435.0,820.0,A41_symmetric,284.2231075697211
